Early Intervention in Psychosis ( First Episode Psychosis FEP) - Provider Started Treatment Publication,,,,,,,,,,,
,,,,,,,,,,,
Yearnumber,Periodname,Org code,Org name,Org Code,Org Name,Description,provupto2weeks,provgreaterthan2upto6weeks,provgreaterthan6upto12weeks,Eipw Gt12plus SUM,Total Pathways
2015-16,FEBRUARY,RTQ,2GETHER NHS FOUNDATION TRUST,05F,NHS HEREFORDSHIRE CCG,EIP pathways completed this month,4,2,1,0,7
2015-16,FEBRUARY,RTQ,2GETHER NHS FOUNDATION TRUST,11M,NHS GLOUCESTERSHIRE CCG,EIP pathways completed this month,4,3,0,0,7
2015-16,FEBRUARY,RTV,5 BOROUGHS PARTNERSHIP NHS FOUNDATION TRUST,01F,NHS HALTON CCG,EIP pathways completed this month,1,0,0,1,2
2015-16,FEBRUARY,RTV,5 BOROUGHS PARTNERSHIP NHS FOUNDATION TRUST,01J,NHS KNOWSLEY CCG,EIP pathways completed this month,2,0,0,0,2
2015-16,FEBRUARY,RTV,5 BOROUGHS PARTNERSHIP NHS FOUNDATION TRUST,01X,NHS ST HELENS CCG,EIP pathways completed this month,3,0,0,0,3
2015-16,FEBRUARY,RTV,5 BOROUGHS PARTNERSHIP NHS FOUNDATION TRUST,02E,NHS WARRINGTON CCG,EIP pathways completed this month,6,1,1,0,8
2015-16,FEBRUARY,RTV,5 BOROUGHS PARTNERSHIP NHS FOUNDATION TRUST,02H,NHS WIGAN BOROUGH CCG,EIP pathways completed this month,7,2,0,0,9
2015-16,FEBRUARY,RVN,AVON AND WILTSHIRE MENTAL HEALTH PARTNERSHIP NHS TRUST,11E,NHS BATH AND NORTH EAST SOMERSET CCG,EIP pathways completed this month,7,0,0,0,7
2015-16,FEBRUARY,RVN,AVON AND WILTSHIRE MENTAL HEALTH PARTNERSHIP NHS TRUST,11H,NHS BRISTOL CCG,EIP pathways completed this month,9,0,0,1,10
2015-16,FEBRUARY,RVN,AVON AND WILTSHIRE MENTAL HEALTH PARTNERSHIP NHS TRUST,11T,NHS NORTH SOMERSET CCG,EIP pathways completed this month,3,1,0,0,4
2015-16,FEBRUARY,RVN,AVON AND WILTSHIRE MENTAL HEALTH PARTNERSHIP NHS TRUST,12A,NHS SOUTH GLOUCESTERSHIRE CCG,EIP pathways completed this month,0,0,0,0,0
2015-16,FEBRUARY,RVN,AVON AND WILTSHIRE MENTAL HEALTH PARTNERSHIP NHS TRUST,12D,NHS SWINDON CCG,EIP pathways completed this month,3,1,0,0,4
2015-16,FEBRUARY,RVN,AVON AND WILTSHIRE MENTAL HEALTH PARTNERSHIP NHS TRUST,99N,NHS WILTSHIRE CCG,EIP pathways completed this month,4,0,0,0,4
2015-16,FEBRUARY,RRP,"BARNET, ENFIELD AND HARINGEY MENTAL HEALTH NHS TRUST",07M,NHS BARNET CCG,EIP pathways completed this month,6,4,1,1,12
2015-16,FEBRUARY,RRP,"BARNET, ENFIELD AND HARINGEY MENTAL HEALTH NHS TRUST",07X,NHS ENFIELD CCG,EIP pathways completed this month,8,4,0,0,12
2015-16,FEBRUARY,RRP,"BARNET, ENFIELD AND HARINGEY MENTAL HEALTH NHS TRUST",08D,NHS HARINGEY CCG,EIP pathways completed this month,7,4,1,1,13
2015-16,FEBRUARY,RWX,BERKSHIRE HEALTHCARE NHS FOUNDATION TRUST,10G,NHS BRACKNELL AND ASCOT CCG,EIP pathways completed this month,1,0,0,0,1
2015-16,FEBRUARY,RWX,BERKSHIRE HEALTHCARE NHS FOUNDATION TRUST,10M,NHS NEWBURY AND DISTRICT CCG,EIP pathways completed this month,1,0,0,0,1
2015-16,FEBRUARY,RWX,BERKSHIRE HEALTHCARE NHS FOUNDATION TRUST,10N,NHS NORTH & WEST READING CCG,EIP pathways completed this month,0,1,0,0,1
2015-16,FEBRUARY,RWX,BERKSHIRE HEALTHCARE NHS FOUNDATION TRUST,10T,NHS SLOUGH CCG,EIP pathways completed this month,2,0,0,0,2
2015-16,FEBRUARY,RWX,BERKSHIRE HEALTHCARE NHS FOUNDATION TRUST,10W,NHS SOUTH READING CCG,EIP pathways completed this month,3,0,0,0,3
2015-16,FEBRUARY,RWX,BERKSHIRE HEALTHCARE NHS FOUNDATION TRUST,11C,"NHS WINDSOR, ASCOT AND MAIDENHEAD CCG",EIP pathways completed this month,0,1,0,0,1
2015-16,FEBRUARY,RWX,BERKSHIRE HEALTHCARE NHS FOUNDATION TRUST,11D,NHS WOKINGHAM CCG,EIP pathways completed this month,1,0,0,0,1
2015-16,FEBRUARY,RXT,BIRMINGHAM AND SOLIHULL MENTAL HEALTH NHS FOUNDATION TRUST,04X,NHS BIRMINGHAM SOUTH AND CENTRAL CCG,EIP pathways completed this month,1,5,3,1,10
2015-16,FEBRUARY,RXT,BIRMINGHAM AND SOLIHULL MENTAL HEALTH NHS FOUNDATION TRUST,05J,NHS REDDITCH AND BROMSGROVE CCG,EIP pathways completed this month,0,0,0,0,0
2015-16,FEBRUARY,RXT,BIRMINGHAM AND SOLIHULL MENTAL HEALTH NHS FOUNDATION TRUST,05L,NHS SANDWELL AND WEST BIRMINGHAM CCG,EIP pathways completed this month,0,3,3,0,6
2015-16,FEBRUARY,RXT,BIRMINGHAM AND SOLIHULL MENTAL HEALTH NHS FOUNDATION TRUST,05P,NHS SOLIHULL CCG,EIP pathways completed this month,1,4,2,0,7
2015-16,FEBRUARY,RXT,BIRMINGHAM AND SOLIHULL MENTAL HEALTH NHS FOUNDATION TRUST,07Y,NHS HOUNSLOW CCG,EIP pathways completed this month,0,0,0,0,0
2015-16,FEBRUARY,RXT,BIRMINGHAM AND SOLIHULL MENTAL HEALTH NHS FOUNDATION TRUST,09Y,NHS NORTH WEST SURREY CCG,EIP pathways completed this month,0,0,0,0,0
2015-16,FEBRUARY,RXT,BIRMINGHAM AND SOLIHULL MENTAL HEALTH NHS FOUNDATION TRUST,13P,NHS BIRMINGHAM CROSSCITY CCG,EIP pathways completed this month,1,3,4,1,9
2015-16,FEBRUARY,RQ3,BIRMINGHAM CHILDREN'S HOSPITAL NHS FOUNDATION TRUST,04X,NHS BIRMINGHAM SOUTH AND CENTRAL CCG,EIP pathways completed this month,1,0,0,0,1
2015-16,FEBRUARY,RQ3,BIRMINGHAM CHILDREN'S HOSPITAL NHS FOUNDATION TRUST,13P,NHS BIRMINGHAM CROSSCITY CCG,EIP pathways completed this month,1,0,0,0,1
2015-16,FEBRUARY,TAJ,BLACK COUNTRY PARTNERSHIP NHS FOUNDATION TRUST,05L,NHS SANDWELL AND WEST BIRMINGHAM CCG,EIP pathways completed this month,0,1,2,0,3
2015-16,FEBRUARY,TAJ,BLACK COUNTRY PARTNERSHIP NHS FOUNDATION TRUST,06A,NHS WOLVERHAMPTON CCG,EIP pathways completed this month,1,3,0,0,4
2015-16,FEBRUARY,TAJ,BLACK COUNTRY PARTNERSHIP NHS FOUNDATION TRUST,13P,NHS BIRMINGHAM CROSSCITY CCG,EIP pathways completed this month,0,0,0,0,0
2015-16,FEBRUARY,TAD,BRADFORD DISTRICT CARE NHS FOUNDATION TRUST,02N,"NHS AIREDALE, WHARFEDALE AND CRAVEN CCG",EIP pathways completed this month,2,0,0,0,2
2015-16,FEBRUARY,TAD,BRADFORD DISTRICT CARE NHS FOUNDATION TRUST,02R,NHS BRADFORD DISTRICTS CCG,EIP pathways completed this month,14,2,0,0,16
2015-16,FEBRUARY,TAD,BRADFORD DISTRICT CARE NHS FOUNDATION TRUST,02W,NHS BRADFORD CITY CCG,EIP pathways completed this month,2,4,0,0,6
2015-16,FEBRUARY,RT1,CAMBRIDGESHIRE AND PETERBOROUGH NHS FOUNDATION TRUST,06H,NHS CAMBRIDGESHIRE AND PETERBOROUGH CCG,EIP pathways completed this month,14,1,0,0,15
2015-16,FEBRUARY,TAF,CAMDEN AND ISLINGTON NHS FOUNDATION TRUST,07R,NHS CAMDEN CCG,EIP pathways completed this month,6,2,0,0,8
2015-16,FEBRUARY,TAF,CAMDEN AND ISLINGTON NHS FOUNDATION TRUST,07T,NHS CITY AND HACKNEY CCG,EIP pathways completed this month,1,0,0,0,1
2015-16,FEBRUARY,TAF,CAMDEN AND ISLINGTON NHS FOUNDATION TRUST,08H,NHS ISLINGTON CCG,EIP pathways completed this month,2,6,1,0,9
2015-16,FEBRUARY,RV3,CENTRAL AND NORTH WEST LONDON NHS FOUNDATION TRUST,01N,NHS SOUTH MANCHESTER CCG,EIP pathways completed this month,0,0,0,0,0
2015-16,FEBRUARY,RV3,CENTRAL AND NORTH WEST LONDON NHS FOUNDATION TRUST,02V,NHS LEEDS NORTH CCG,EIP pathways completed this month,0,0,0,0,0
2015-16,FEBRUARY,RV3,CENTRAL AND NORTH WEST LONDON NHS FOUNDATION TRUST,04F,NHS MILTON KEYNES CCG,EIP pathways completed this month,0,0,0,0,0
2015-16,FEBRUARY,RV3,CENTRAL AND NORTH WEST LONDON NHS FOUNDATION TRUST,06N,NHS HERTS VALLEYS CCG,EIP pathways completed this month,0,0,0,0,0
2015-16,FEBRUARY,RV3,CENTRAL AND NORTH WEST LONDON NHS FOUNDATION TRUST,07M,NHS BARNET CCG,EIP pathways completed this month,1,0,0,0,1
2015-16,FEBRUARY,RV3,CENTRAL AND NORTH WEST LONDON NHS FOUNDATION TRUST,07P,NHS BRENT CCG,EIP pathways completed this month,4,8,1,0,13
2015-16,FEBRUARY,RV3,CENTRAL AND NORTH WEST LONDON NHS FOUNDATION TRUST,07R,NHS CAMDEN CCG,EIP pathways completed this month,0,0,0,0,0
2015-16,FEBRUARY,RV3,CENTRAL AND NORTH WEST LONDON NHS FOUNDATION TRUST,07W,NHS EALING CCG,EIP pathways completed this month,1,0,0,0,1
2015-16,FEBRUARY,RV3,CENTRAL AND NORTH WEST LONDON NHS FOUNDATION TRUST,07X,NHS ENFIELD CCG,EIP pathways completed this month,0,0,0,0,0
2015-16,FEBRUARY,RV3,CENTRAL AND NORTH WEST LONDON NHS FOUNDATION TRUST,08C,NHS HAMMERSMITH AND FULHAM CCG,EIP pathways completed this month,0,0,0,0,0
2015-16,FEBRUARY,RV3,CENTRAL AND NORTH WEST LONDON NHS FOUNDATION TRUST,08D,NHS HARINGEY CCG,EIP pathways completed this month,0,0,0,0,0
2015-16,FEBRUARY,RV3,CENTRAL AND NORTH WEST LONDON NHS FOUNDATION TRUST,08E,NHS HARROW CCG,EIP pathways completed this month,1,0,1,0,2
2015-16,FEBRUARY,RV3,CENTRAL AND NORTH WEST LONDON NHS FOUNDATION TRUST,08G,NHS HILLINGDON CCG,EIP pathways completed this month,1,2,0,0,3
2015-16,FEBRUARY,RV3,CENTRAL AND NORTH WEST LONDON NHS FOUNDATION TRUST,08H,NHS ISLINGTON CCG,EIP pathways completed this month,0,0,0,0,0
2015-16,FEBRUARY,RV3,CENTRAL AND NORTH WEST LONDON NHS FOUNDATION TRUST,08N,NHS REDBRIDGE CCG,EIP pathways completed this month,0,0,0,0,0
2015-16,FEBRUARY,RV3,CENTRAL AND NORTH WEST LONDON NHS FOUNDATION TRUST,08P,NHS RICHMOND CCG,EIP pathways completed this month,0,0,0,0,0
2015-16,FEBRUARY,RV3,CENTRAL AND NORTH WEST LONDON NHS FOUNDATION TRUST,08Q,NHS SOUTHWARK CCG,EIP pathways completed this month,0,0,0,0,0
2015-16,FEBRUARY,RV3,CENTRAL AND NORTH WEST LONDON NHS FOUNDATION TRUST,08T,NHS SUTTON CCG,EIP pathways completed this month,0,0,0,0,0
2015-16,FEBRUARY,RV3,CENTRAL AND NORTH WEST LONDON NHS FOUNDATION TRUST,08X,NHS WANDSWORTH CCG,EIP pathways completed this month,0,0,0,0,0
2015-16,FEBRUARY,RV3,CENTRAL AND NORTH WEST LONDON NHS FOUNDATION TRUST,08Y,NHS WEST LONDON CCG,EIP pathways completed this month,5,0,0,0,5
2015-16,FEBRUARY,RV3,CENTRAL AND NORTH WEST LONDON NHS FOUNDATION TRUST,09A,NHS CENTRAL LONDON (WESTMINSTER) CCG,EIP pathways completed this month,2,1,0,0,3
2015-16,FEBRUARY,RV3,CENTRAL AND NORTH WEST LONDON NHS FOUNDATION TRUST,09F,"NHS EASTBOURNE, HAILSHAM AND SEAFORD CCG",EIP pathways completed this month,0,0,0,0,0
2015-16,FEBRUARY,RV3,CENTRAL AND NORTH WEST LONDON NHS FOUNDATION TRUST,13P,NHS BIRMINGHAM CROSSCITY CCG,EIP pathways completed this month,0,0,0,0,0
2015-16,FEBRUARY,RV3,CENTRAL AND NORTH WEST LONDON NHS FOUNDATION TRUST,99J,NHS WEST KENT CCG,EIP pathways completed this month,0,0,0,0,0
2015-16,FEBRUARY,RXA,CHESHIRE AND WIRRAL PARTNERSHIP NHS FOUNDATION TRUST,01C,NHS EASTERN CHESHIRE CCG,EIP pathways completed this month,1,0,0,0,1
2015-16,FEBRUARY,RXA,CHESHIRE AND WIRRAL PARTNERSHIP NHS FOUNDATION TRUST,01N,NHS SOUTH MANCHESTER CCG,EIP pathways completed this month,0,1,0,0,1
2015-16,FEBRUARY,RXA,CHESHIRE AND WIRRAL PARTNERSHIP NHS FOUNDATION TRUST,01R,NHS SOUTH CHESHIRE CCG,EIP pathways completed this month,1,0,0,0,1
2015-16,FEBRUARY,RXA,CHESHIRE AND WIRRAL PARTNERSHIP NHS FOUNDATION TRUST,01V,NHS SOUTHPORT AND FORMBY CCG,EIP pathways completed this month,0,0,0,0,0
2015-16,FEBRUARY,RXA,CHESHIRE AND WIRRAL PARTNERSHIP NHS FOUNDATION TRUST,02D,NHS VALE ROYAL CCG,EIP pathways completed this month,1,0,0,0,1
2015-16,FEBRUARY,RXA,CHESHIRE AND WIRRAL PARTNERSHIP NHS FOUNDATION TRUST,02F,NHS WEST CHESHIRE CCG,EIP pathways completed this month,2,1,0,0,3
2015-16,FEBRUARY,RXA,CHESHIRE AND WIRRAL PARTNERSHIP NHS FOUNDATION TRUST,05Q,NHS SOUTH EAST STAFFORDSHIRE AND SEISDON PENINSULA CCG,EIP pathways completed this month,1,0,0,0,1
2015-16,FEBRUARY,RXA,CHESHIRE AND WIRRAL PARTNERSHIP NHS FOUNDATION TRUST,12F,NHS WIRRAL CCG,EIP pathways completed this month,7,0,0,0,7
2015-16,FEBRUARY,NHV,COMMUNITY LINKS (NORTHERN) LTD,02V,NHS LEEDS NORTH CCG,EIP pathways completed this month,1,2,0,0,3
2015-16,FEBRUARY,NHV,COMMUNITY LINKS (NORTHERN) LTD,03C,NHS LEEDS WEST CCG,EIP pathways completed this month,1,1,1,0,3
2015-16,FEBRUARY,NHV,COMMUNITY LINKS (NORTHERN) LTD,03G,NHS LEEDS SOUTH AND EAST CCG,EIP pathways completed this month,5,0,0,0,5
2015-16,FEBRUARY,RJ8,CORNWALL PARTNERSHIP NHS FOUNDATION TRUST,11N,NHS KERNOW CCG,EIP pathways completed this month,15,2,0,0,17
2015-16,FEBRUARY,RYG,COVENTRY AND WARWICKSHIRE PARTNERSHIP NHS TRUST,05A,NHS COVENTRY AND RUGBY CCG,EIP pathways completed this month,10,9,4,1,24
2015-16,FEBRUARY,RYG,COVENTRY AND WARWICKSHIRE PARTNERSHIP NHS TRUST,05H,NHS WARWICKSHIRE NORTH CCG,EIP pathways completed this month,2,3,0,0,5
2015-16,FEBRUARY,RYG,COVENTRY AND WARWICKSHIRE PARTNERSHIP NHS TRUST,05R,NHS SOUTH WARWICKSHIRE CCG,EIP pathways completed this month,1,3,0,0,4
2015-16,FEBRUARY,RNN,CUMBRIA PARTNERSHIP NHS FOUNDATION TRUST,01H,NHS CUMBRIA CCG,EIP pathways completed this month,5,0,0,0,5
2015-16,FEBRUARY,RXM,DERBYSHIRE HEALTHCARE NHS FOUNDATION TRUST,03X,NHS EREWASH CCG,EIP pathways completed this month,1,0,1,0,2
2015-16,FEBRUARY,RXM,DERBYSHIRE HEALTHCARE NHS FOUNDATION TRUST,03Y,NHS HARDWICK CCG,EIP pathways completed this month,0,0,1,0,1
2015-16,FEBRUARY,RXM,DERBYSHIRE HEALTHCARE NHS FOUNDATION TRUST,04J,NHS NORTH DERBYSHIRE CCG,EIP pathways completed this month,3,0,0,0,3
2015-16,FEBRUARY,RXM,DERBYSHIRE HEALTHCARE NHS FOUNDATION TRUST,04R,NHS SOUTHERN DERBYSHIRE CCG,EIP pathways completed this month,5,0,0,1,6
2015-16,FEBRUARY,RWV,DEVON PARTNERSHIP NHS TRUST,99P,"NHS NORTHERN, EASTERN AND WESTERN DEVON CCG",EIP pathways completed this month,3,1,0,0,4
2015-16,FEBRUARY,RWV,DEVON PARTNERSHIP NHS TRUST,99Q,NHS SOUTH DEVON AND TORBAY CCG,EIP pathways completed this month,2,1,0,0,3
2015-16,FEBRUARY,RDY,DORSET HEALTHCARE UNIVERSITY NHS FOUNDATION TRUST,11J,NHS DORSET CCG,EIP pathways completed this month,21,1,0,0,22
2015-16,FEBRUARY,RYK,DUDLEY AND WALSALL MENTAL HEALTH PARTNERSHIP NHS TRUST,05C,NHS DUDLEY CCG,EIP pathways completed this month,2,1,0,0,3
2015-16,FEBRUARY,RYK,DUDLEY AND WALSALL MENTAL HEALTH PARTNERSHIP NHS TRUST,05L,NHS SANDWELL AND WEST BIRMINGHAM CCG,EIP pathways completed this month,1,0,0,0,1
2015-16,FEBRUARY,RYK,DUDLEY AND WALSALL MENTAL HEALTH PARTNERSHIP NHS TRUST,05Y,NHS WALSALL CCG,EIP pathways completed this month,3,1,0,0,4
2015-16,FEBRUARY,RWK,EAST LONDON NHS FOUNDATION TRUST,06F,NHS BEDFORDSHIRE CCG,EIP pathways completed this month,2,0,0,0,2
2015-16,FEBRUARY,RWK,EAST LONDON NHS FOUNDATION TRUST,06P,NHS LUTON CCG,EIP pathways completed this month,0,2,0,0,2
2015-16,FEBRUARY,RWK,EAST LONDON NHS FOUNDATION TRUST,07T,NHS CITY AND HACKNEY CCG,EIP pathways completed this month,7,1,0,1,9
2015-16,FEBRUARY,RWK,EAST LONDON NHS FOUNDATION TRUST,08H,NHS ISLINGTON CCG,EIP pathways completed this month,1,0,0,0,1
2015-16,FEBRUARY,RWK,EAST LONDON NHS FOUNDATION TRUST,08M,NHS NEWHAM CCG,EIP pathways completed this month,7,0,0,0,7
2015-16,FEBRUARY,RWK,EAST LONDON NHS FOUNDATION TRUST,08V,NHS TOWER HAMLETS CCG,EIP pathways completed this month,10,0,0,0,10
2015-16,FEBRUARY,RWK,EAST LONDON NHS FOUNDATION TRUST,11J,NHS DORSET CCG,EIP pathways completed this month,0,0,0,0,0
2015-16,FEBRUARY,RXV,GREATER MANCHESTER WEST MENTAL HEALTH NHS FOUNDATION TRUST,00T,NHS BOLTON CCG,EIP pathways completed this month,15,2,2,0,19
2015-16,FEBRUARY,RXV,GREATER MANCHESTER WEST MENTAL HEALTH NHS FOUNDATION TRUST,00W,NHS CENTRAL MANCHESTER CCG,EIP pathways completed this month,1,0,0,0,1
2015-16,FEBRUARY,RXV,GREATER MANCHESTER WEST MENTAL HEALTH NHS FOUNDATION TRUST,01G,NHS SALFORD CCG,EIP pathways completed this month,4,1,3,0,8
2015-16,FEBRUARY,RXV,GREATER MANCHESTER WEST MENTAL HEALTH NHS FOUNDATION TRUST,01N,NHS SOUTH MANCHESTER CCG,EIP pathways completed this month,2,0,0,0,2
2015-16,FEBRUARY,RXV,GREATER MANCHESTER WEST MENTAL HEALTH NHS FOUNDATION TRUST,02A,NHS TRAFFORD CCG,EIP pathways completed this month,8,1,0,0,9
2015-16,FEBRUARY,RWR,HERTFORDSHIRE PARTNERSHIP UNIVERSITY NHS FOUNDATION TRUST,06K,NHS EAST AND NORTH HERTFORDSHIRE CCG,EIP pathways completed this month,9,1,0,0,10
2015-16,FEBRUARY,RWR,HERTFORDSHIRE PARTNERSHIP UNIVERSITY NHS FOUNDATION TRUST,06N,NHS HERTS VALLEYS CCG,EIP pathways completed this month,4,1,1,0,6
2015-16,FEBRUARY,RV9,HUMBER NHS FOUNDATION TRUST,02Y,NHS EAST RIDING OF YORKSHIRE CCG,EIP pathways completed this month,2,1,0,0,3
2015-16,FEBRUARY,RV9,HUMBER NHS FOUNDATION TRUST,03F,NHS HULL CCG,EIP pathways completed this month,1,4,1,0,6
2015-16,FEBRUARY,NKD,INSIGHT TEAM,99P,"NHS NORTHERN, EASTERN AND WESTERN DEVON CCG",EIP pathways completed this month,2,6,1,1,10
2015-16,FEBRUARY,R1F,ISLE OF WIGHT NHS TRUST,10L,NHS ISLE OF WIGHT CCG,EIP pathways completed this month,4,1,0,0,5
2015-16,FEBRUARY,RXY,KENT AND MEDWAY NHS AND SOCIAL CARE PARTNERSHIP TRUST,01T,NHS SOUTH SEFTON CCG,EIP pathways completed this month,1,0,0,0,1
2015-16,FEBRUARY,RXY,KENT AND MEDWAY NHS AND SOCIAL CARE PARTNERSHIP TRUST,09C,NHS ASHFORD CCG,EIP pathways completed this month,0,0,0,0,0
2015-16,FEBRUARY,RXY,KENT AND MEDWAY NHS AND SOCIAL CARE PARTNERSHIP TRUST,09E,NHS CANTERBURY AND COASTAL CCG,EIP pathways completed this month,1,1,0,0,2
2015-16,FEBRUARY,RXY,KENT AND MEDWAY NHS AND SOCIAL CARE PARTNERSHIP TRUST,09J,"NHS DARTFORD, GRAVESHAM AND SWANLEY CCG",EIP pathways completed this month,0,2,0,0,2
2015-16,FEBRUARY,RXY,KENT AND MEDWAY NHS AND SOCIAL CARE PARTNERSHIP TRUST,09W,NHS MEDWAY CCG,EIP pathways completed this month,0,0,0,0,0
2015-16,FEBRUARY,RXY,KENT AND MEDWAY NHS AND SOCIAL CARE PARTNERSHIP TRUST,10A,NHS SOUTH KENT COAST CCG,EIP pathways completed this month,2,1,0,0,3
2015-16,FEBRUARY,RXY,KENT AND MEDWAY NHS AND SOCIAL CARE PARTNERSHIP TRUST,10D,NHS SWALE CCG,EIP pathways completed this month,1,0,0,0,1
2015-16,FEBRUARY,RXY,KENT AND MEDWAY NHS AND SOCIAL CARE PARTNERSHIP TRUST,10E,NHS THANET CCG,EIP pathways completed this month,0,0,0,0,0
2015-16,FEBRUARY,RXY,KENT AND MEDWAY NHS AND SOCIAL CARE PARTNERSHIP TRUST,99D,NHS SOUTH LINCOLNSHIRE CCG,EIP pathways completed this month,1,0,0,0,1
2015-16,FEBRUARY,RXY,KENT AND MEDWAY NHS AND SOCIAL CARE PARTNERSHIP TRUST,99J,NHS WEST KENT CCG,EIP pathways completed this month,3,3,0,0,6
2015-16,FEBRUARY,RW5,LANCASHIRE CARE NHS FOUNDATION TRUST,00Q,NHS BLACKBURN WITH DARWEN CCG,EIP pathways completed this month,0,1,0,0,1
2015-16,FEBRUARY,RW5,LANCASHIRE CARE NHS FOUNDATION TRUST,00R,NHS BLACKPOOL CCG,EIP pathways completed this month,2,1,0,0,3
2015-16,FEBRUARY,RW5,LANCASHIRE CARE NHS FOUNDATION TRUST,00T,NHS BOLTON CCG,EIP pathways completed this month,1,0,0,0,1
2015-16,FEBRUARY,RW5,LANCASHIRE CARE NHS FOUNDATION TRUST,00X,NHS CHORLEY AND SOUTH RIBBLE CCG,EIP pathways completed this month,1,2,0,1,4
2015-16,FEBRUARY,RW5,LANCASHIRE CARE NHS FOUNDATION TRUST,01A,NHS EAST LANCASHIRE CCG,EIP pathways completed this month,7,1,0,0,8
2015-16,FEBRUARY,RW5,LANCASHIRE CARE NHS FOUNDATION TRUST,01E,NHS GREATER PRESTON CCG,EIP pathways completed this month,5,2,1,0,8
2015-16,FEBRUARY,RW5,LANCASHIRE CARE NHS FOUNDATION TRUST,01F,NHS HALTON CCG,EIP pathways completed this month,0,0,0,0,0
2015-16,FEBRUARY,RW5,LANCASHIRE CARE NHS FOUNDATION TRUST,01H,NHS CUMBRIA CCG,EIP pathways completed this month,1,0,0,0,1
2015-16,FEBRUARY,RW5,LANCASHIRE CARE NHS FOUNDATION TRUST,01K,NHS LANCASHIRE NORTH CCG,EIP pathways completed this month,1,2,0,0,3
2015-16,FEBRUARY,RW5,LANCASHIRE CARE NHS FOUNDATION TRUST,02G,NHS WEST LANCASHIRE CCG,EIP pathways completed this month,2,1,0,0,3
2015-16,FEBRUARY,RW5,LANCASHIRE CARE NHS FOUNDATION TRUST,02M,NHS FYLDE & WYRE CCG,EIP pathways completed this month,1,0,0,1,2
2015-16,FEBRUARY,RT5,LEICESTERSHIRE PARTNERSHIP NHS TRUST,03W,NHS EAST LEICESTERSHIRE AND RUTLAND CCG,EIP pathways completed this month,5,1,0,0,6
2015-16,FEBRUARY,RT5,LEICESTERSHIRE PARTNERSHIP NHS TRUST,04C,NHS LEICESTER CITY CCG,EIP pathways completed this month,2,1,0,0,3
2015-16,FEBRUARY,RT5,LEICESTERSHIRE PARTNERSHIP NHS TRUST,04V,NHS WEST LEICESTERSHIRE CCG,EIP pathways completed this month,1,0,0,0,1
2015-16,FEBRUARY,RP7,LINCOLNSHIRE PARTNERSHIP NHS FOUNDATION TRUST,03T,NHS LINCOLNSHIRE EAST CCG,EIP pathways completed this month,0,1,1,0,2
2015-16,FEBRUARY,RP7,LINCOLNSHIRE PARTNERSHIP NHS FOUNDATION TRUST,04D,NHS LINCOLNSHIRE WEST CCG,EIP pathways completed this month,2,0,1,0,3
2015-16,FEBRUARY,RP7,LINCOLNSHIRE PARTNERSHIP NHS FOUNDATION TRUST,04Q,NHS SOUTH WEST LINCOLNSHIRE CCG,EIP pathways completed this month,6,0,0,0,6
2015-16,FEBRUARY,RP7,LINCOLNSHIRE PARTNERSHIP NHS FOUNDATION TRUST,07W,NHS EALING CCG,EIP pathways completed this month,1,0,0,0,1
2015-16,FEBRUARY,RP7,LINCOLNSHIRE PARTNERSHIP NHS FOUNDATION TRUST,99D,NHS SOUTH LINCOLNSHIRE CCG,EIP pathways completed this month,2,4,0,0,6
2015-16,FEBRUARY,RW4,MERSEY CARE NHS TRUST,01J,NHS KNOWSLEY CCG,EIP pathways completed this month,0,1,0,0,1
2015-16,FEBRUARY,RW4,MERSEY CARE NHS TRUST,01T,NHS SOUTH SEFTON CCG,EIP pathways completed this month,2,1,0,0,3
2015-16,FEBRUARY,RW4,MERSEY CARE NHS TRUST,01V,NHS SOUTHPORT AND FORMBY CCG,EIP pathways completed this month,1,0,0,0,1
2015-16,FEBRUARY,RW4,MERSEY CARE NHS TRUST,99A,NHS LIVERPOOL CCG,EIP pathways completed this month,5,2,0,0,7
2015-16,FEBRUARY,NQL,NAVIGO,03H,NHS NORTH EAST LINCOLNSHIRE CCG,EIP pathways completed this month,9,0,1,0,10
2015-16,FEBRUARY,RMY,NORFOLK AND SUFFOLK NHS FOUNDATION TRUST,06L,NHS IPSWICH AND EAST SUFFOLK CCG,EIP pathways completed this month,2,0,0,0,2
2015-16,FEBRUARY,RMY,NORFOLK AND SUFFOLK NHS FOUNDATION TRUST,06M,NHS GREAT YARMOUTH AND WAVENEY CCG,EIP pathways completed this month,3,0,0,0,3
2015-16,FEBRUARY,RMY,NORFOLK AND SUFFOLK NHS FOUNDATION TRUST,06V,NHS NORTH NORFOLK CCG,EIP pathways completed this month,0,0,1,0,1
2015-16,FEBRUARY,RMY,NORFOLK AND SUFFOLK NHS FOUNDATION TRUST,06W,NHS NORWICH CCG,EIP pathways completed this month,2,2,2,0,6
2015-16,FEBRUARY,RMY,NORFOLK AND SUFFOLK NHS FOUNDATION TRUST,06Y,NHS SOUTH NORFOLK CCG,EIP pathways completed this month,1,0,0,0,1
2015-16,FEBRUARY,RAT,NORTH EAST LONDON NHS FOUNDATION TRUST,03Q,NHS VALE OF YORK CCG,EIP pathways completed this month,0,0,1,0,1
2015-16,FEBRUARY,RAT,NORTH EAST LONDON NHS FOUNDATION TRUST,04K,NHS NOTTINGHAM CITY CCG,EIP pathways completed this month,1,0,0,0,1
2015-16,FEBRUARY,RAT,NORTH EAST LONDON NHS FOUNDATION TRUST,07G,NHS THURROCK CCG,EIP pathways completed this month,0,0,0,0,0
2015-16,FEBRUARY,RAT,NORTH EAST LONDON NHS FOUNDATION TRUST,07L,NHS BARKING AND DAGENHAM CCG,EIP pathways completed this month,5,3,0,0,8
2015-16,FEBRUARY,RAT,NORTH EAST LONDON NHS FOUNDATION TRUST,07M,NHS BARNET CCG,EIP pathways completed this month,0,0,0,0,0
2015-16,FEBRUARY,RAT,NORTH EAST LONDON NHS FOUNDATION TRUST,07Y,NHS HOUNSLOW CCG,EIP pathways completed this month,0,0,1,0,1
2015-16,FEBRUARY,RAT,NORTH EAST LONDON NHS FOUNDATION TRUST,08D,NHS HARINGEY CCG,EIP pathways completed this month,0,0,1,0,1
2015-16,FEBRUARY,RAT,NORTH EAST LONDON NHS FOUNDATION TRUST,08F,NHS HAVERING CCG,EIP pathways completed this month,3,3,1,0,7
2015-16,FEBRUARY,RAT,NORTH EAST LONDON NHS FOUNDATION TRUST,08N,NHS REDBRIDGE CCG,EIP pathways completed this month,7,1,0,0,8
2015-16,FEBRUARY,RAT,NORTH EAST LONDON NHS FOUNDATION TRUST,08W,NHS WALTHAM FOREST CCG,EIP pathways completed this month,9,2,0,0,11
2015-16,FEBRUARY,RAT,NORTH EAST LONDON NHS FOUNDATION TRUST,10X,NHS SOUTHAMPTON CCG,EIP pathways completed this month,0,1,0,0,1
2015-16,FEBRUARY,RRD,NORTH ESSEX PARTNERSHIP UNIVERSITY NHS FOUNDATION TRUST,06Q,NHS MID ESSEX CCG,EIP pathways completed this month,0,2,0,0,2
2015-16,FEBRUARY,RRD,NORTH ESSEX PARTNERSHIP UNIVERSITY NHS FOUNDATION TRUST,06T,NHS NORTH EAST ESSEX CCG,EIP pathways completed this month,7,6,2,0,15
2015-16,FEBRUARY,RRD,NORTH ESSEX PARTNERSHIP UNIVERSITY NHS FOUNDATION TRUST,07H,NHS WEST ESSEX CCG,EIP pathways completed this month,3,1,1,0,5
2015-16,FEBRUARY,RRD,NORTH ESSEX PARTNERSHIP UNIVERSITY NHS FOUNDATION TRUST,07K,NHS WEST SUFFOLK CCG,EIP pathways completed this month,1,0,0,0,1
2015-16,FEBRUARY,RRD,NORTH ESSEX PARTNERSHIP UNIVERSITY NHS FOUNDATION TRUST,09E,NHS CANTERBURY AND COASTAL CCG,EIP pathways completed this month,1,0,0,0,1
2015-16,FEBRUARY,RRD,NORTH ESSEX PARTNERSHIP UNIVERSITY NHS FOUNDATION TRUST,11H,NHS BRISTOL CCG,EIP pathways completed this month,0,0,0,0,0
2015-16,FEBRUARY,RLY,NORTH STAFFORDSHIRE COMBINED HEALTHCARE NHS TRUST,05G,NHS NORTH STAFFORDSHIRE CCG,EIP pathways completed this month,1,0,0,0,1
2015-16,FEBRUARY,RLY,NORTH STAFFORDSHIRE COMBINED HEALTHCARE NHS TRUST,05W,NHS STOKE ON TRENT CCG,EIP pathways completed this month,2,1,1,0,4
2015-16,FEBRUARY,RP1,NORTHAMPTONSHIRE HEALTHCARE NHS FOUNDATION TRUST,03V,NHS CORBY CCG,EIP pathways completed this month,1,0,0,0,1
2015-16,FEBRUARY,RP1,NORTHAMPTONSHIRE HEALTHCARE NHS FOUNDATION TRUST,04F,NHS MILTON KEYNES CCG,EIP pathways completed this month,1,0,0,0,1
2015-16,FEBRUARY,RP1,NORTHAMPTONSHIRE HEALTHCARE NHS FOUNDATION TRUST,04G,NHS NENE CCG,EIP pathways completed this month,5,1,0,0,6
2015-16,FEBRUARY,RX4,"NORTHUMBERLAND, TYNE AND WEAR NHS FOUNDATION TRUST",00L,NHS NORTHUMBERLAND CCG,EIP pathways completed this month,7,0,2,0,9
2015-16,FEBRUARY,RX4,"NORTHUMBERLAND, TYNE AND WEAR NHS FOUNDATION TRUST",00N,NHS SOUTH TYNESIDE CCG,EIP pathways completed this month,3,2,0,0,5
2015-16,FEBRUARY,RX4,"NORTHUMBERLAND, TYNE AND WEAR NHS FOUNDATION TRUST",00P,NHS SUNDERLAND CCG,EIP pathways completed this month,7,6,0,0,13
2015-16,FEBRUARY,RX4,"NORTHUMBERLAND, TYNE AND WEAR NHS FOUNDATION TRUST",13T,NHS NEWCASTLE GATESHEAD CCG,EIP pathways completed this month,20,9,0,0,29
2015-16,FEBRUARY,RX4,"NORTHUMBERLAND, TYNE AND WEAR NHS FOUNDATION TRUST",99C,NHS NORTH TYNESIDE CCG,EIP pathways completed this month,7,0,0,0,7
2015-16,FEBRUARY,RHA,NOTTINGHAMSHIRE HEALTHCARE NHS FOUNDATION TRUST,02Q,NHS BASSETLAW CCG,EIP pathways completed this month,3,1,0,0,4
2015-16,FEBRUARY,RHA,NOTTINGHAMSHIRE HEALTHCARE NHS FOUNDATION TRUST,04E,NHS MANSFIELD AND ASHFIELD CCG,EIP pathways completed this month,0,1,2,0,3
2015-16,FEBRUARY,RHA,NOTTINGHAMSHIRE HEALTHCARE NHS FOUNDATION TRUST,04H,NHS NEWARK & SHERWOOD CCG,EIP pathways completed this month,0,2,0,0,2
2015-16,FEBRUARY,RHA,NOTTINGHAMSHIRE HEALTHCARE NHS FOUNDATION TRUST,04K,NHS NOTTINGHAM CITY CCG,EIP pathways completed this month,1,1,4,7,13
2015-16,FEBRUARY,RHA,NOTTINGHAMSHIRE HEALTHCARE NHS FOUNDATION TRUST,04L,NHS NOTTINGHAM NORTH AND EAST CCG,EIP pathways completed this month,0,1,0,0,1
2015-16,FEBRUARY,RHA,NOTTINGHAMSHIRE HEALTHCARE NHS FOUNDATION TRUST,04M,NHS NOTTINGHAM WEST CCG,EIP pathways completed this month,0,1,0,0,1
2015-16,FEBRUARY,RHA,NOTTINGHAMSHIRE HEALTHCARE NHS FOUNDATION TRUST,04N,NHS RUSHCLIFFE CCG,EIP pathways completed this month,0,1,0,0,1
2015-16,FEBRUARY,RHA,NOTTINGHAMSHIRE HEALTHCARE NHS FOUNDATION TRUST,08M,NHS NEWHAM CCG,EIP pathways completed this month,1,0,0,0,1
2015-16,FEBRUARY,RHA,NOTTINGHAMSHIRE HEALTHCARE NHS FOUNDATION TRUST,13P,NHS BIRMINGHAM CROSSCITY CCG,EIP pathways completed this month,0,1,0,0,1
2015-16,FEBRUARY,RNU,OXFORD HEALTH NHS FOUNDATION TRUST,10H,NHS CHILTERN CCG,EIP pathways completed this month,1,0,0,0,1
2015-16,FEBRUARY,RNU,OXFORD HEALTH NHS FOUNDATION TRUST,10Q,NHS OXFORDSHIRE CCG,EIP pathways completed this month,1,2,0,0,3
2015-16,FEBRUARY,RNU,OXFORD HEALTH NHS FOUNDATION TRUST,10Y,NHS AYLESBURY VALE CCG,EIP pathways completed this month,0,2,0,0,2
2015-16,FEBRUARY,RPG,OXLEAS NHS FOUNDATION TRUST,07N,NHS BEXLEY CCG,EIP pathways completed this month,1,0,0,0,1
2015-16,FEBRUARY,RPG,OXLEAS NHS FOUNDATION TRUST,07Q,NHS BROMLEY CCG,EIP pathways completed this month,4,1,0,0,5
2015-16,FEBRUARY,RPG,OXLEAS NHS FOUNDATION TRUST,08A,NHS GREENWICH CCG,EIP pathways completed this month,13,3,0,0,16
2015-16,FEBRUARY,RT2,PENNINE CARE NHS FOUNDATION TRUST,00V,NHS BURY CCG,EIP pathways completed this month,0,1,0,0,1
2015-16,FEBRUARY,RT2,PENNINE CARE NHS FOUNDATION TRUST,00Y,NHS OLDHAM CCG,EIP pathways completed this month,0,0,0,0,0
2015-16,FEBRUARY,RT2,PENNINE CARE NHS FOUNDATION TRUST,01D,"NHS HEYWOOD, MIDDLETON AND ROCHDALE CCG",EIP pathways completed this month,0,0,0,0,0
2015-16,FEBRUARY,RT2,PENNINE CARE NHS FOUNDATION TRUST,01W,NHS STOCKPORT CCG,EIP pathways completed this month,0,1,1,0,2
2015-16,FEBRUARY,RT2,PENNINE CARE NHS FOUNDATION TRUST,01Y,NHS TAMESIDE AND GLOSSOP CCG,EIP pathways completed this month,0,1,1,0,2
2015-16,FEBRUARY,RXE,ROTHERHAM DONCASTER AND SOUTH HUMBER NHS FOUNDATION TRUST,00W,NHS CENTRAL MANCHESTER CCG,EIP pathways completed this month,3,2,0,0,5
2015-16,FEBRUARY,RXE,ROTHERHAM DONCASTER AND SOUTH HUMBER NHS FOUNDATION TRUST,01M,NHS NORTH MANCHESTER CCG,EIP pathways completed this month,4,0,0,0,4
2015-16,FEBRUARY,RXE,ROTHERHAM DONCASTER AND SOUTH HUMBER NHS FOUNDATION TRUST,01N,NHS SOUTH MANCHESTER CCG,EIP pathways completed this month,3,1,0,0,4
2015-16,FEBRUARY,RXE,ROTHERHAM DONCASTER AND SOUTH HUMBER NHS FOUNDATION TRUST,02X,NHS DONCASTER CCG,EIP pathways completed this month,2,0,0,0,2
2015-16,FEBRUARY,RXE,ROTHERHAM DONCASTER AND SOUTH HUMBER NHS FOUNDATION TRUST,03K,NHS NORTH LINCOLNSHIRE CCG,EIP pathways completed this month,2,0,0,0,2
2015-16,FEBRUARY,RXE,ROTHERHAM DONCASTER AND SOUTH HUMBER NHS FOUNDATION TRUST,03L,NHS ROTHERHAM CCG,EIP pathways completed this month,4,0,0,0,4
2015-16,FEBRUARY,TAH,SHEFFIELD HEALTH & SOCIAL CARE NHS FOUNDATION TRUST,03N,NHS SHEFFIELD CCG,EIP pathways completed this month,7,5,2,4,18
2015-16,FEBRUARY,TAH,SHEFFIELD HEALTH & SOCIAL CARE NHS FOUNDATION TRUST,05L,NHS SANDWELL AND WEST BIRMINGHAM CCG,EIP pathways completed this month,1,0,0,0,1
2015-16,FEBRUARY,R1C,SOLENT NHS TRUST,10R,NHS PORTSMOUTH CCG,EIP pathways completed this month,1,0,0,0,1
2015-16,FEBRUARY,RH5,SOMERSET PARTNERSHIP NHS FOUNDATION TRUST,11X,NHS SOMERSET CCG,EIP pathways completed this month,3,1,0,0,4
2015-16,FEBRUARY,RWN,SOUTH ESSEX PARTNERSHIP UNIVERSITY NHS FOUNDATION TRUST,07G,NHS THURROCK CCG,EIP pathways completed this month,4,0,0,0,4
2015-16,FEBRUARY,RWN,SOUTH ESSEX PARTNERSHIP UNIVERSITY NHS FOUNDATION TRUST,99E,NHS BASILDON AND BRENTWOOD CCG,EIP pathways completed this month,0,0,0,0,0
2015-16,FEBRUARY,RWN,SOUTH ESSEX PARTNERSHIP UNIVERSITY NHS FOUNDATION TRUST,99F,NHS CASTLE POINT AND ROCHFORD CCG,EIP pathways completed this month,3,1,0,0,4
2015-16,FEBRUARY,RWN,SOUTH ESSEX PARTNERSHIP UNIVERSITY NHS FOUNDATION TRUST,99G,NHS SOUTHEND CCG,EIP pathways completed this month,3,1,0,0,4
2015-16,FEBRUARY,RV5,SOUTH LONDON AND MAUDSLEY NHS FOUNDATION TRUST,04R,NHS SOUTHERN DERBYSHIRE CCG,EIP pathways completed this month,0,0,0,1,1
2015-16,FEBRUARY,RV5,SOUTH LONDON AND MAUDSLEY NHS FOUNDATION TRUST,07V,NHS CROYDON CCG,EIP pathways completed this month,2,3,1,0,6
2015-16,FEBRUARY,RV5,SOUTH LONDON AND MAUDSLEY NHS FOUNDATION TRUST,08K,NHS LAMBETH CCG,EIP pathways completed this month,5,3,4,0,12
2015-16,FEBRUARY,RV5,SOUTH LONDON AND MAUDSLEY NHS FOUNDATION TRUST,08L,NHS LEWISHAM CCG,EIP pathways completed this month,1,5,0,0,6
2015-16,FEBRUARY,RV5,SOUTH LONDON AND MAUDSLEY NHS FOUNDATION TRUST,08M,NHS NEWHAM CCG,EIP pathways completed this month,0,0,0,0,0
2015-16,FEBRUARY,RV5,SOUTH LONDON AND MAUDSLEY NHS FOUNDATION TRUST,08Q,NHS SOUTHWARK CCG,EIP pathways completed this month,1,5,0,0,6
2015-16,FEBRUARY,RRE,SOUTH STAFFORDSHIRE AND SHROPSHIRE HEALTHCARE NHS FOUNDATION TRUST,04Y,NHS CANNOCK CHASE CCG,EIP pathways completed this month,0,0,0,0,0
2015-16,FEBRUARY,RRE,SOUTH STAFFORDSHIRE AND SHROPSHIRE HEALTHCARE NHS FOUNDATION TRUST,05D,NHS EAST STAFFORDSHIRE CCG,EIP pathways completed this month,1,1,0,0,2
2015-16,FEBRUARY,RRE,SOUTH STAFFORDSHIRE AND SHROPSHIRE HEALTHCARE NHS FOUNDATION TRUST,05N,NHS SHROPSHIRE CCG,EIP pathways completed this month,1,0,0,0,1
2015-16,FEBRUARY,RRE,SOUTH STAFFORDSHIRE AND SHROPSHIRE HEALTHCARE NHS FOUNDATION TRUST,05Q,NHS SOUTH EAST STAFFORDSHIRE AND SEISDON PENINSULA CCG,EIP pathways completed this month,2,0,0,0,2
2015-16,FEBRUARY,RRE,SOUTH STAFFORDSHIRE AND SHROPSHIRE HEALTHCARE NHS FOUNDATION TRUST,05V,NHS STAFFORD AND SURROUNDS CCG,EIP pathways completed this month,0,0,0,0,0
2015-16,FEBRUARY,RRE,SOUTH STAFFORDSHIRE AND SHROPSHIRE HEALTHCARE NHS FOUNDATION TRUST,05X,NHS TELFORD AND WREKIN CCG,EIP pathways completed this month,1,0,1,0,2
2015-16,FEBRUARY,RQY,SOUTH WEST LONDON AND ST GEORGE'S MENTAL HEALTH NHS TRUST,07Y,NHS HOUNSLOW CCG,EIP pathways completed this month,1,0,0,0,1
2015-16,FEBRUARY,RQY,SOUTH WEST LONDON AND ST GEORGE'S MENTAL HEALTH NHS TRUST,08J,NHS KINGSTON CCG,EIP pathways completed this month,3,0,0,0,3
2015-16,FEBRUARY,RQY,SOUTH WEST LONDON AND ST GEORGE'S MENTAL HEALTH NHS TRUST,08K,NHS LAMBETH CCG,EIP pathways completed this month,0,0,0,0,0
2015-16,FEBRUARY,RQY,SOUTH WEST LONDON AND ST GEORGE'S MENTAL HEALTH NHS TRUST,08P,NHS RICHMOND CCG,EIP pathways completed this month,0,1,0,0,1
2015-16,FEBRUARY,RQY,SOUTH WEST LONDON AND ST GEORGE'S MENTAL HEALTH NHS TRUST,08R,NHS MERTON CCG,EIP pathways completed this month,4,1,0,0,5
2015-16,FEBRUARY,RQY,SOUTH WEST LONDON AND ST GEORGE'S MENTAL HEALTH NHS TRUST,08T,NHS SUTTON CCG,EIP pathways completed this month,2,0,0,0,2
2015-16,FEBRUARY,RQY,SOUTH WEST LONDON AND ST GEORGE'S MENTAL HEALTH NHS TRUST,08X,NHS WANDSWORTH CCG,EIP pathways completed this month,11,0,0,0,11
2015-16,FEBRUARY,RQY,SOUTH WEST LONDON AND ST GEORGE'S MENTAL HEALTH NHS TRUST,10J,NHS NORTH HAMPSHIRE CCG,EIP pathways completed this month,0,0,0,0,0
2015-16,FEBRUARY,RXG,SOUTH WEST YORKSHIRE PARTNERSHIP NHS FOUNDATION TRUST,02P,NHS BARNSLEY CCG,EIP pathways completed this month,5,0,0,0,5
2015-16,FEBRUARY,RXG,SOUTH WEST YORKSHIRE PARTNERSHIP NHS FOUNDATION TRUST,02T,NHS CALDERDALE CCG,EIP pathways completed this month,3,1,0,0,4
2015-16,FEBRUARY,RXG,SOUTH WEST YORKSHIRE PARTNERSHIP NHS FOUNDATION TRUST,03A,NHS GREATER HUDDERSFIELD CCG,EIP pathways completed this month,1,1,0,0,2
2015-16,FEBRUARY,RXG,SOUTH WEST YORKSHIRE PARTNERSHIP NHS FOUNDATION TRUST,03J,NHS NORTH KIRKLEES CCG,EIP pathways completed this month,2,0,0,0,2
2015-16,FEBRUARY,RXG,SOUTH WEST YORKSHIRE PARTNERSHIP NHS FOUNDATION TRUST,03R,NHS WAKEFIELD CCG,EIP pathways completed this month,4,0,0,0,4
2015-16,FEBRUARY,RW1,SOUTHERN HEALTH NHS FOUNDATION TRUST,10J,NHS NORTH HAMPSHIRE CCG,EIP pathways completed this month,1,0,2,0,3
2015-16,FEBRUARY,RW1,SOUTHERN HEALTH NHS FOUNDATION TRUST,10K,NHS FAREHAM AND GOSPORT CCG,EIP pathways completed this month,1,2,0,0,3
2015-16,FEBRUARY,RW1,SOUTHERN HEALTH NHS FOUNDATION TRUST,10V,NHS SOUTH EASTERN HAMPSHIRE CCG,EIP pathways completed this month,3,0,0,0,3
2015-16,FEBRUARY,RW1,SOUTHERN HEALTH NHS FOUNDATION TRUST,10X,NHS SOUTHAMPTON CCG,EIP pathways completed this month,2,1,1,0,4
2015-16,FEBRUARY,RW1,SOUTHERN HEALTH NHS FOUNDATION TRUST,11A,NHS WEST HAMPSHIRE CCG,EIP pathways completed this month,4,1,0,0,5
2015-16,FEBRUARY,RW1,SOUTHERN HEALTH NHS FOUNDATION TRUST,11J,NHS DORSET CCG,EIP pathways completed this month,1,0,0,0,1
2015-16,FEBRUARY,RXX,SURREY AND BORDERS PARTNERSHIP NHS FOUNDATION TRUST,09L,NHS EAST SURREY CCG,EIP pathways completed this month,4,0,1,0,5
2015-16,FEBRUARY,RXX,SURREY AND BORDERS PARTNERSHIP NHS FOUNDATION TRUST,09N,NHS GUILDFORD AND WAVERLEY CCG,EIP pathways completed this month,3,0,0,0,3
2015-16,FEBRUARY,RXX,SURREY AND BORDERS PARTNERSHIP NHS FOUNDATION TRUST,09Y,NHS NORTH WEST SURREY CCG,EIP pathways completed this month,2,2,0,0,4
2015-16,FEBRUARY,RXX,SURREY AND BORDERS PARTNERSHIP NHS FOUNDATION TRUST,10C,NHS SURREY HEATH CCG,EIP pathways completed this month,0,0,0,0,0
2015-16,FEBRUARY,RXX,SURREY AND BORDERS PARTNERSHIP NHS FOUNDATION TRUST,99H,NHS SURREY DOWNS CCG,EIP pathways completed this month,5,1,0,0,6
2015-16,FEBRUARY,RXX,SURREY AND BORDERS PARTNERSHIP NHS FOUNDATION TRUST,99M,NHS NORTH EAST HAMPSHIRE AND FARNHAM CCG,EIP pathways completed this month,4,0,0,0,4
2015-16,FEBRUARY,RX2,SUSSEX PARTNERSHIP NHS FOUNDATION TRUST,09D,NHS BRIGHTON AND HOVE CCG,EIP pathways completed this month,5,2,0,0,7
2015-16,FEBRUARY,RX2,SUSSEX PARTNERSHIP NHS FOUNDATION TRUST,09F,"NHS EASTBOURNE, HAILSHAM AND SEAFORD CCG",EIP pathways completed this month,3,0,0,0,3
2015-16,FEBRUARY,RX2,SUSSEX PARTNERSHIP NHS FOUNDATION TRUST,09G,NHS COASTAL WEST SUSSEX CCG,EIP pathways completed this month,6,0,1,0,7
2015-16,FEBRUARY,RX2,SUSSEX PARTNERSHIP NHS FOUNDATION TRUST,09H,NHS CRAWLEY CCG,EIP pathways completed this month,2,0,0,0,2
2015-16,FEBRUARY,RX2,SUSSEX PARTNERSHIP NHS FOUNDATION TRUST,09P,NHS HASTINGS AND ROTHER CCG,EIP pathways completed this month,5,1,1,0,7
2015-16,FEBRUARY,RX2,SUSSEX PARTNERSHIP NHS FOUNDATION TRUST,09X,NHS HORSHAM AND MID SUSSEX CCG,EIP pathways completed this month,5,1,0,0,6
2015-16,FEBRUARY,RX2,SUSSEX PARTNERSHIP NHS FOUNDATION TRUST,99K,NHS HIGH WEALD LEWES HAVENS CCG,EIP pathways completed this month,2,2,0,0,4
2015-16,FEBRUARY,RX3,"TEES, ESK AND WEAR VALLEYS NHS FOUNDATION TRUST",00C,NHS DARLINGTON CCG,EIP pathways completed this month,1,0,1,0,2
2015-16,FEBRUARY,RX3,"TEES, ESK AND WEAR VALLEYS NHS FOUNDATION TRUST",00D,"NHS DURHAM DALES, EASINGTON AND SEDGEFIELD CCG",EIP pathways completed this month,5,0,1,2,8
2015-16,FEBRUARY,RX3,"TEES, ESK AND WEAR VALLEYS NHS FOUNDATION TRUST",00J,NHS NORTH DURHAM CCG,EIP pathways completed this month,1,0,0,0,1
2015-16,FEBRUARY,RX3,"TEES, ESK AND WEAR VALLEYS NHS FOUNDATION TRUST",00K,NHS HARTLEPOOL AND STOCKTON-ON-TEES CCG,EIP pathways completed this month,5,0,0,0,5
2015-16,FEBRUARY,RX3,"TEES, ESK AND WEAR VALLEYS NHS FOUNDATION TRUST",00M,NHS SOUTH TEES CCG,EIP pathways completed this month,4,1,0,0,5
2015-16,FEBRUARY,RX3,"TEES, ESK AND WEAR VALLEYS NHS FOUNDATION TRUST",02V,NHS LEEDS NORTH CCG,EIP pathways completed this month,0,0,0,0,0
2015-16,FEBRUARY,RX3,"TEES, ESK AND WEAR VALLEYS NHS FOUNDATION TRUST",03D,"NHS HAMBLETON, RICHMONDSHIRE AND WHITBY CCG",EIP pathways completed this month,0,0,0,0,0
2015-16,FEBRUARY,RX3,"TEES, ESK AND WEAR VALLEYS NHS FOUNDATION TRUST",03E,NHS HARROGATE AND RURAL DISTRICT CCG,EIP pathways completed this month,0,0,0,0,0
2015-16,FEBRUARY,RX3,"TEES, ESK AND WEAR VALLEYS NHS FOUNDATION TRUST",03M,NHS SCARBOROUGH AND RYEDALE CCG,EIP pathways completed this month,0,0,1,0,1
2015-16,FEBRUARY,RX3,"TEES, ESK AND WEAR VALLEYS NHS FOUNDATION TRUST",03Q,NHS VALE OF YORK CCG,EIP pathways completed this month,2,1,0,0,3
2015-16,FEBRUARY,RX3,"TEES, ESK AND WEAR VALLEYS NHS FOUNDATION TRUST",04K,NHS NOTTINGHAM CITY CCG,EIP pathways completed this month,0,0,0,0,0
2015-16,FEBRUARY,RX3,"TEES, ESK AND WEAR VALLEYS NHS FOUNDATION TRUST",13T,NHS NEWCASTLE GATESHEAD CCG,EIP pathways completed this month,0,0,0,0,0
2015-16,FEBRUARY,RKL,WEST LONDON MENTAL HEALTH NHS TRUST,01H,NHS CUMBRIA CCG,EIP pathways completed this month,1,0,0,0,1
2015-16,FEBRUARY,RKL,WEST LONDON MENTAL HEALTH NHS TRUST,04G,NHS NENE CCG,EIP pathways completed this month,0,0,0,0,0
2015-16,FEBRUARY,RKL,WEST LONDON MENTAL HEALTH NHS TRUST,07P,NHS BRENT CCG,EIP pathways completed this month,0,1,0,0,1
2015-16,FEBRUARY,RKL,WEST LONDON MENTAL HEALTH NHS TRUST,07W,NHS EALING CCG,EIP pathways completed this month,5,4,0,0,9
2015-16,FEBRUARY,RKL,WEST LONDON MENTAL HEALTH NHS TRUST,07Y,NHS HOUNSLOW CCG,EIP pathways completed this month,3,0,0,0,3
2015-16,FEBRUARY,RKL,WEST LONDON MENTAL HEALTH NHS TRUST,08C,NHS HAMMERSMITH AND FULHAM CCG,EIP pathways completed this month,0,1,0,0,1
2015-16,FEBRUARY,RKL,WEST LONDON MENTAL HEALTH NHS TRUST,08E,NHS HARROW CCG,EIP pathways completed this month,0,1,0,0,1
2015-16,FEBRUARY,RKL,WEST LONDON MENTAL HEALTH NHS TRUST,08H,NHS ISLINGTON CCG,EIP pathways completed this month,1,0,0,0,1
2015-16,FEBRUARY,RKL,WEST LONDON MENTAL HEALTH NHS TRUST,08P,NHS RICHMOND CCG,EIP pathways completed this month,1,1,0,0,2
2015-16,FEBRUARY,RKL,WEST LONDON MENTAL HEALTH NHS TRUST,08Y,NHS WEST LONDON CCG,EIP pathways completed this month,0,1,0,0,1
2015-16,FEBRUARY,RKL,WEST LONDON MENTAL HEALTH NHS TRUST,12D,NHS SWINDON CCG,EIP pathways completed this month,0,0,0,0,0
2015-16,FEBRUARY,R1A,WORCESTERSHIRE HEALTH AND CARE NHS TRUST,05T,NHS SOUTH WORCESTERSHIRE CCG,EIP pathways completed this month,3,0,0,0,3
2015-16,FEBRUARY,RTQ,2GETHER NHS FOUNDATION TRUST,05F,NHS HEREFORDSHIRE CCG,EIP pathways incomplete at month end,1,1,0,0,2
2015-16,FEBRUARY,RTQ,2GETHER NHS FOUNDATION TRUST,11M,NHS GLOUCESTERSHIRE CCG,EIP pathways incomplete at month end,2,2,1,0,5
2015-16,FEBRUARY,RTV,5 BOROUGHS PARTNERSHIP NHS FOUNDATION TRUST,01F,NHS HALTON CCG,EIP pathways incomplete at month end,4,0,1,3,8
2015-16,FEBRUARY,RTV,5 BOROUGHS PARTNERSHIP NHS FOUNDATION TRUST,01J,NHS KNOWSLEY CCG,EIP pathways incomplete at month end,3,1,0,1,5
2015-16,FEBRUARY,RTV,5 BOROUGHS PARTNERSHIP NHS FOUNDATION TRUST,01X,NHS ST HELENS CCG,EIP pathways incomplete at month end,7,2,1,3,13
2015-16,FEBRUARY,RTV,5 BOROUGHS PARTNERSHIP NHS FOUNDATION TRUST,02E,NHS WARRINGTON CCG,EIP pathways incomplete at month end,1,0,2,1,4
2015-16,FEBRUARY,RTV,5 BOROUGHS PARTNERSHIP NHS FOUNDATION TRUST,02H,NHS WIGAN BOROUGH CCG,EIP pathways incomplete at month end,8,1,1,0,10
2015-16,FEBRUARY,RVN,AVON AND WILTSHIRE MENTAL HEALTH PARTNERSHIP NHS TRUST,11E,NHS BATH AND NORTH EAST SOMERSET CCG,EIP pathways incomplete at month end,0,1,1,0,2
2015-16,FEBRUARY,RVN,AVON AND WILTSHIRE MENTAL HEALTH PARTNERSHIP NHS TRUST,11H,NHS BRISTOL CCG,EIP pathways incomplete at month end,0,1,1,0,2
2015-16,FEBRUARY,RVN,AVON AND WILTSHIRE MENTAL HEALTH PARTNERSHIP NHS TRUST,11T,NHS NORTH SOMERSET CCG,EIP pathways incomplete at month end,1,4,0,0,5
2015-16,FEBRUARY,RVN,AVON AND WILTSHIRE MENTAL HEALTH PARTNERSHIP NHS TRUST,12A,NHS SOUTH GLOUCESTERSHIRE CCG,EIP pathways incomplete at month end,0,0,0,0,0
2015-16,FEBRUARY,RVN,AVON AND WILTSHIRE MENTAL HEALTH PARTNERSHIP NHS TRUST,12D,NHS SWINDON CCG,EIP pathways incomplete at month end,1,1,0,0,2
2015-16,FEBRUARY,RVN,AVON AND WILTSHIRE MENTAL HEALTH PARTNERSHIP NHS TRUST,99N,NHS WILTSHIRE CCG,EIP pathways incomplete at month end,0,0,0,0,0
2015-16,FEBRUARY,RRP,"BARNET, ENFIELD AND HARINGEY MENTAL HEALTH NHS TRUST",07M,NHS BARNET CCG,EIP pathways incomplete at month end,3,5,0,0,8
2015-16,FEBRUARY,RRP,"BARNET, ENFIELD AND HARINGEY MENTAL HEALTH NHS TRUST",07X,NHS ENFIELD CCG,EIP pathways incomplete at month end,4,2,0,0,6
2015-16,FEBRUARY,RRP,"BARNET, ENFIELD AND HARINGEY MENTAL HEALTH NHS TRUST",08D,NHS HARINGEY CCG,EIP pathways incomplete at month end,0,5,3,0,8
2015-16,FEBRUARY,RWX,BERKSHIRE HEALTHCARE NHS FOUNDATION TRUST,10G,NHS BRACKNELL AND ASCOT CCG,EIP pathways incomplete at month end,0,0,0,0,0
2015-16,FEBRUARY,RWX,BERKSHIRE HEALTHCARE NHS FOUNDATION TRUST,10M,NHS NEWBURY AND DISTRICT CCG,EIP pathways incomplete at month end,0,0,0,0,0
2015-16,FEBRUARY,RWX,BERKSHIRE HEALTHCARE NHS FOUNDATION TRUST,10N,NHS NORTH & WEST READING CCG,EIP pathways incomplete at month end,0,0,0,0,0
2015-16,FEBRUARY,RWX,BERKSHIRE HEALTHCARE NHS FOUNDATION TRUST,10T,NHS SLOUGH CCG,EIP pathways incomplete at month end,0,0,0,0,0
2015-16,FEBRUARY,RWX,BERKSHIRE HEALTHCARE NHS FOUNDATION TRUST,10W,NHS SOUTH READING CCG,EIP pathways incomplete at month end,0,1,0,0,1
2015-16,FEBRUARY,RWX,BERKSHIRE HEALTHCARE NHS FOUNDATION TRUST,11C,"NHS WINDSOR, ASCOT AND MAIDENHEAD CCG",EIP pathways incomplete at month end,0,0,0,0,0
2015-16,FEBRUARY,RWX,BERKSHIRE HEALTHCARE NHS FOUNDATION TRUST,11D,NHS WOKINGHAM CCG,EIP pathways incomplete at month end,0,0,0,0,0
2015-16,FEBRUARY,RXT,BIRMINGHAM AND SOLIHULL MENTAL HEALTH NHS FOUNDATION TRUST,04X,NHS BIRMINGHAM SOUTH AND CENTRAL CCG,EIP pathways incomplete at month end,3,13,9,2,27
2015-16,FEBRUARY,RXT,BIRMINGHAM AND SOLIHULL MENTAL HEALTH NHS FOUNDATION TRUST,05J,NHS REDDITCH AND BROMSGROVE CCG,EIP pathways incomplete at month end,0,0,1,0,1
2015-16,FEBRUARY,RXT,BIRMINGHAM AND SOLIHULL MENTAL HEALTH NHS FOUNDATION TRUST,05L,NHS SANDWELL AND WEST BIRMINGHAM CCG,EIP pathways incomplete at month end,2,10,7,1,20
2015-16,FEBRUARY,RXT,BIRMINGHAM AND SOLIHULL MENTAL HEALTH NHS FOUNDATION TRUST,05P,NHS SOLIHULL CCG,EIP pathways incomplete at month end,4,1,3,1,9
2015-16,FEBRUARY,RXT,BIRMINGHAM AND SOLIHULL MENTAL HEALTH NHS FOUNDATION TRUST,07Y,NHS HOUNSLOW CCG,EIP pathways incomplete at month end,0,0,0,1,1
2015-16,FEBRUARY,RXT,BIRMINGHAM AND SOLIHULL MENTAL HEALTH NHS FOUNDATION TRUST,09Y,NHS NORTH WEST SURREY CCG,EIP pathways incomplete at month end,0,1,0,0,1
2015-16,FEBRUARY,RXT,BIRMINGHAM AND SOLIHULL MENTAL HEALTH NHS FOUNDATION TRUST,13P,NHS BIRMINGHAM CROSSCITY CCG,EIP pathways incomplete at month end,11,24,18,11,64
2015-16,FEBRUARY,RQ3,BIRMINGHAM CHILDREN'S HOSPITAL NHS FOUNDATION TRUST,04X,NHS BIRMINGHAM SOUTH AND CENTRAL CCG,EIP pathways incomplete at month end,0,0,0,0,0
2015-16,FEBRUARY,RQ3,BIRMINGHAM CHILDREN'S HOSPITAL NHS FOUNDATION TRUST,13P,NHS BIRMINGHAM CROSSCITY CCG,EIP pathways incomplete at month end,0,0,0,0,0
2015-16,FEBRUARY,TAJ,BLACK COUNTRY PARTNERSHIP NHS FOUNDATION TRUST,05L,NHS SANDWELL AND WEST BIRMINGHAM CCG,EIP pathways incomplete at month end,5,7,3,0,15
2015-16,FEBRUARY,TAJ,BLACK COUNTRY PARTNERSHIP NHS FOUNDATION TRUST,06A,NHS WOLVERHAMPTON CCG,EIP pathways incomplete at month end,5,9,2,1,17
2015-16,FEBRUARY,TAJ,BLACK COUNTRY PARTNERSHIP NHS FOUNDATION TRUST,13P,NHS BIRMINGHAM CROSSCITY CCG,EIP pathways incomplete at month end,1,0,2,0,3
2015-16,FEBRUARY,TAD,BRADFORD DISTRICT CARE NHS FOUNDATION TRUST,02N,"NHS AIREDALE, WHARFEDALE AND CRAVEN CCG",EIP pathways incomplete at month end,0,0,0,0,0
2015-16,FEBRUARY,TAD,BRADFORD DISTRICT CARE NHS FOUNDATION TRUST,02R,NHS BRADFORD DISTRICTS CCG,EIP pathways incomplete at month end,3,2,3,0,8
2015-16,FEBRUARY,TAD,BRADFORD DISTRICT CARE NHS FOUNDATION TRUST,02W,NHS BRADFORD CITY CCG,EIP pathways incomplete at month end,0,2,0,0,2
2015-16,FEBRUARY,RT1,CAMBRIDGESHIRE AND PETERBOROUGH NHS FOUNDATION TRUST,06H,NHS CAMBRIDGESHIRE AND PETERBOROUGH CCG,EIP pathways incomplete at month end,10,6,3,0,19
2015-16,FEBRUARY,TAF,CAMDEN AND ISLINGTON NHS FOUNDATION TRUST,07R,NHS CAMDEN CCG,EIP pathways incomplete at month end,5,1,1,0,7
2015-16,FEBRUARY,TAF,CAMDEN AND ISLINGTON NHS FOUNDATION TRUST,07T,NHS CITY AND HACKNEY CCG,EIP pathways incomplete at month end,1,0,0,0,1
2015-16,FEBRUARY,TAF,CAMDEN AND ISLINGTON NHS FOUNDATION TRUST,08H,NHS ISLINGTON CCG,EIP pathways incomplete at month end,4,6,5,0,15
2015-16,FEBRUARY,RV3,CENTRAL AND NORTH WEST LONDON NHS FOUNDATION TRUST,01N,NHS SOUTH MANCHESTER CCG,EIP pathways incomplete at month end,0,0,0,1,1
2015-16,FEBRUARY,RV3,CENTRAL AND NORTH WEST LONDON NHS FOUNDATION TRUST,02V,NHS LEEDS NORTH CCG,EIP pathways incomplete at month end,0,0,1,0,1
2015-16,FEBRUARY,RV3,CENTRAL AND NORTH WEST LONDON NHS FOUNDATION TRUST,04F,NHS MILTON KEYNES CCG,EIP pathways incomplete at month end,1,1,0,0,2
2015-16,FEBRUARY,RV3,CENTRAL AND NORTH WEST LONDON NHS FOUNDATION TRUST,06N,NHS HERTS VALLEYS CCG,EIP pathways incomplete at month end,0,0,0,1,1
2015-16,FEBRUARY,RV3,CENTRAL AND NORTH WEST LONDON NHS FOUNDATION TRUST,07M,NHS BARNET CCG,EIP pathways incomplete at month end,0,0,0,0,0
2015-16,FEBRUARY,RV3,CENTRAL AND NORTH WEST LONDON NHS FOUNDATION TRUST,07P,NHS BRENT CCG,EIP pathways incomplete at month end,2,4,6,13,25
2015-16,FEBRUARY,RV3,CENTRAL AND NORTH WEST LONDON NHS FOUNDATION TRUST,07R,NHS CAMDEN CCG,EIP pathways incomplete at month end,0,0,0,1,1
2015-16,FEBRUARY,RV3,CENTRAL AND NORTH WEST LONDON NHS FOUNDATION TRUST,07W,NHS EALING CCG,EIP pathways incomplete at month end,0,0,0,2,2
2015-16,FEBRUARY,RV3,CENTRAL AND NORTH WEST LONDON NHS FOUNDATION TRUST,07X,NHS ENFIELD CCG,EIP pathways incomplete at month end,0,1,0,2,3
2015-16,FEBRUARY,RV3,CENTRAL AND NORTH WEST LONDON NHS FOUNDATION TRUST,08C,NHS HAMMERSMITH AND FULHAM CCG,EIP pathways incomplete at month end,0,0,0,2,2
2015-16,FEBRUARY,RV3,CENTRAL AND NORTH WEST LONDON NHS FOUNDATION TRUST,08D,NHS HARINGEY CCG,EIP pathways incomplete at month end,0,0,1,0,1
2015-16,FEBRUARY,RV3,CENTRAL AND NORTH WEST LONDON NHS FOUNDATION TRUST,08E,NHS HARROW CCG,EIP pathways incomplete at month end,0,2,6,11,19
2015-16,FEBRUARY,RV3,CENTRAL AND NORTH WEST LONDON NHS FOUNDATION TRUST,08G,NHS HILLINGDON CCG,EIP pathways incomplete at month end,3,6,8,10,27
2015-16,FEBRUARY,RV3,CENTRAL AND NORTH WEST LONDON NHS FOUNDATION TRUST,08H,NHS ISLINGTON CCG,EIP pathways incomplete at month end,0,0,1,0,1
2015-16,FEBRUARY,RV3,CENTRAL AND NORTH WEST LONDON NHS FOUNDATION TRUST,08N,NHS REDBRIDGE CCG,EIP pathways incomplete at month end,0,0,0,1,1
2015-16,FEBRUARY,RV3,CENTRAL AND NORTH WEST LONDON NHS FOUNDATION TRUST,08P,NHS RICHMOND CCG,EIP pathways incomplete at month end,0,0,0,1,1
2015-16,FEBRUARY,RV3,CENTRAL AND NORTH WEST LONDON NHS FOUNDATION TRUST,08Q,NHS SOUTHWARK CCG,EIP pathways incomplete at month end,0,0,2,1,3
2015-16,FEBRUARY,RV3,CENTRAL AND NORTH WEST LONDON NHS FOUNDATION TRUST,08T,NHS SUTTON CCG,EIP pathways incomplete at month end,0,0,0,1,1
2015-16,FEBRUARY,RV3,CENTRAL AND NORTH WEST LONDON NHS FOUNDATION TRUST,08X,NHS WANDSWORTH CCG,EIP pathways incomplete at month end,0,0,0,2,2
2015-16,FEBRUARY,RV3,CENTRAL AND NORTH WEST LONDON NHS FOUNDATION TRUST,08Y,NHS WEST LONDON CCG,EIP pathways incomplete at month end,2,4,6,10,22
2015-16,FEBRUARY,RV3,CENTRAL AND NORTH WEST LONDON NHS FOUNDATION TRUST,09A,NHS CENTRAL LONDON (WESTMINSTER) CCG,EIP pathways incomplete at month end,0,0,6,3,9
2015-16,FEBRUARY,RV3,CENTRAL AND NORTH WEST LONDON NHS FOUNDATION TRUST,09F,"NHS EASTBOURNE, HAILSHAM AND SEAFORD CCG",EIP pathways incomplete at month end,0,0,0,1,1
2015-16,FEBRUARY,RV3,CENTRAL AND NORTH WEST LONDON NHS FOUNDATION TRUST,13P,NHS BIRMINGHAM CROSSCITY CCG,EIP pathways incomplete at month end,0,0,0,1,1
2015-16,FEBRUARY,RV3,CENTRAL AND NORTH WEST LONDON NHS FOUNDATION TRUST,99J,NHS WEST KENT CCG,EIP pathways incomplete at month end,0,0,0,1,1
2015-16,FEBRUARY,RXA,CHESHIRE AND WIRRAL PARTNERSHIP NHS FOUNDATION TRUST,01C,NHS EASTERN CHESHIRE CCG,EIP pathways incomplete at month end,0,0,0,1,1
2015-16,FEBRUARY,RXA,CHESHIRE AND WIRRAL PARTNERSHIP NHS FOUNDATION TRUST,01N,NHS SOUTH MANCHESTER CCG,EIP pathways incomplete at month end,0,0,0,0,0
2015-16,FEBRUARY,RXA,CHESHIRE AND WIRRAL PARTNERSHIP NHS FOUNDATION TRUST,01R,NHS SOUTH CHESHIRE CCG,EIP pathways incomplete at month end,1,0,0,0,1
2015-16,FEBRUARY,RXA,CHESHIRE AND WIRRAL PARTNERSHIP NHS FOUNDATION TRUST,01V,NHS SOUTHPORT AND FORMBY CCG,EIP pathways incomplete at month end,1,0,0,0,1
2015-16,FEBRUARY,RXA,CHESHIRE AND WIRRAL PARTNERSHIP NHS FOUNDATION TRUST,02D,NHS VALE ROYAL CCG,EIP pathways incomplete at month end,0,0,1,0,1
2015-16,FEBRUARY,RXA,CHESHIRE AND WIRRAL PARTNERSHIP NHS FOUNDATION TRUST,02F,NHS WEST CHESHIRE CCG,EIP pathways incomplete at month end,3,2,2,0,7
2015-16,FEBRUARY,RXA,CHESHIRE AND WIRRAL PARTNERSHIP NHS FOUNDATION TRUST,05Q,NHS SOUTH EAST STAFFORDSHIRE AND SEISDON PENINSULA CCG,EIP pathways incomplete at month end,0,0,0,0,0
2015-16,FEBRUARY,RXA,CHESHIRE AND WIRRAL PARTNERSHIP NHS FOUNDATION TRUST,12F,NHS WIRRAL CCG,EIP pathways incomplete at month end,4,2,0,0,6
2015-16,FEBRUARY,NHV,COMMUNITY LINKS (NORTHERN) LTD,02V,NHS LEEDS NORTH CCG,EIP pathways incomplete at month end,0,0,2,1,3
2015-16,FEBRUARY,NHV,COMMUNITY LINKS (NORTHERN) LTD,03C,NHS LEEDS WEST CCG,EIP pathways incomplete at month end,5,2,0,0,7
2015-16,FEBRUARY,NHV,COMMUNITY LINKS (NORTHERN) LTD,03G,NHS LEEDS SOUTH AND EAST CCG,EIP pathways incomplete at month end,1,1,4,0,6
2015-16,FEBRUARY,RJ8,CORNWALL PARTNERSHIP NHS FOUNDATION TRUST,11N,NHS KERNOW CCG,EIP pathways incomplete at month end,0,1,0,0,1
2015-16,FEBRUARY,RYG,COVENTRY AND WARWICKSHIRE PARTNERSHIP NHS TRUST,05A,NHS COVENTRY AND RUGBY CCG,EIP pathways incomplete at month end,6,5,4,9,24
2015-16,FEBRUARY,RYG,COVENTRY AND WARWICKSHIRE PARTNERSHIP NHS TRUST,05H,NHS WARWICKSHIRE NORTH CCG,EIP pathways incomplete at month end,1,3,1,0,5
2015-16,FEBRUARY,RYG,COVENTRY AND WARWICKSHIRE PARTNERSHIP NHS TRUST,05R,NHS SOUTH WARWICKSHIRE CCG,EIP pathways incomplete at month end,2,2,10,3,17
2015-16,FEBRUARY,RNN,CUMBRIA PARTNERSHIP NHS FOUNDATION TRUST,01H,NHS CUMBRIA CCG,EIP pathways incomplete at month end,0,1,0,0,1
2015-16,FEBRUARY,RXM,DERBYSHIRE HEALTHCARE NHS FOUNDATION TRUST,03X,NHS EREWASH CCG,EIP pathways incomplete at month end,2,0,1,0,3
2015-16,FEBRUARY,RXM,DERBYSHIRE HEALTHCARE NHS FOUNDATION TRUST,03Y,NHS HARDWICK CCG,EIP pathways incomplete at month end,0,0,0,0,0
2015-16,FEBRUARY,RXM,DERBYSHIRE HEALTHCARE NHS FOUNDATION TRUST,04J,NHS NORTH DERBYSHIRE CCG,EIP pathways incomplete at month end,1,0,0,1,2
2015-16,FEBRUARY,RXM,DERBYSHIRE HEALTHCARE NHS FOUNDATION TRUST,04R,NHS SOUTHERN DERBYSHIRE CCG,EIP pathways incomplete at month end,8,3,0,1,12
2015-16,FEBRUARY,RWV,DEVON PARTNERSHIP NHS TRUST,99P,"NHS NORTHERN, EASTERN AND WESTERN DEVON CCG",EIP pathways incomplete at month end,5,3,0,0,8
2015-16,FEBRUARY,RWV,DEVON PARTNERSHIP NHS TRUST,99Q,NHS SOUTH DEVON AND TORBAY CCG,EIP pathways incomplete at month end,1,2,0,0,3
2015-16,FEBRUARY,RDY,DORSET HEALTHCARE UNIVERSITY NHS FOUNDATION TRUST,11J,NHS DORSET CCG,EIP pathways incomplete at month end,4,0,0,0,4
2015-16,FEBRUARY,RYK,DUDLEY AND WALSALL MENTAL HEALTH PARTNERSHIP NHS TRUST,05C,NHS DUDLEY CCG,EIP pathways incomplete at month end,1,0,0,0,1
2015-16,FEBRUARY,RYK,DUDLEY AND WALSALL MENTAL HEALTH PARTNERSHIP NHS TRUST,05L,NHS SANDWELL AND WEST BIRMINGHAM CCG,EIP pathways incomplete at month end,0,0,0,0,0
2015-16,FEBRUARY,RYK,DUDLEY AND WALSALL MENTAL HEALTH PARTNERSHIP NHS TRUST,05Y,NHS WALSALL CCG,EIP pathways incomplete at month end,2,1,0,0,3
2015-16,FEBRUARY,RWK,EAST LONDON NHS FOUNDATION TRUST,06F,NHS BEDFORDSHIRE CCG,EIP pathways incomplete at month end,3,0,0,0,3
2015-16,FEBRUARY,RWK,EAST LONDON NHS FOUNDATION TRUST,06P,NHS LUTON CCG,EIP pathways incomplete at month end,2,2,0,0,4
2015-16,FEBRUARY,RWK,EAST LONDON NHS FOUNDATION TRUST,07T,NHS CITY AND HACKNEY CCG,EIP pathways incomplete at month end,0,1,0,0,1
2015-16,FEBRUARY,RWK,EAST LONDON NHS FOUNDATION TRUST,08H,NHS ISLINGTON CCG,EIP pathways incomplete at month end,0,0,0,0,0
2015-16,FEBRUARY,RWK,EAST LONDON NHS FOUNDATION TRUST,08M,NHS NEWHAM CCG,EIP pathways incomplete at month end,3,0,0,0,3
2015-16,FEBRUARY,RWK,EAST LONDON NHS FOUNDATION TRUST,08V,NHS TOWER HAMLETS CCG,EIP pathways incomplete at month end,1,0,0,1,2
2015-16,FEBRUARY,RWK,EAST LONDON NHS FOUNDATION TRUST,11J,NHS DORSET CCG,EIP pathways incomplete at month end,1,0,0,0,1
2015-16,FEBRUARY,RXV,GREATER MANCHESTER WEST MENTAL HEALTH NHS FOUNDATION TRUST,00T,NHS BOLTON CCG,EIP pathways incomplete at month end,1,0,0,0,1
2015-16,FEBRUARY,RXV,GREATER MANCHESTER WEST MENTAL HEALTH NHS FOUNDATION TRUST,00W,NHS CENTRAL MANCHESTER CCG,EIP pathways incomplete at month end,0,0,0,0,0
2015-16,FEBRUARY,RXV,GREATER MANCHESTER WEST MENTAL HEALTH NHS FOUNDATION TRUST,01G,NHS SALFORD CCG,EIP pathways incomplete at month end,3,5,2,0,10
2015-16,FEBRUARY,RXV,GREATER MANCHESTER WEST MENTAL HEALTH NHS FOUNDATION TRUST,01N,NHS SOUTH MANCHESTER CCG,EIP pathways incomplete at month end,0,0,0,0,0
2015-16,FEBRUARY,RXV,GREATER MANCHESTER WEST MENTAL HEALTH NHS FOUNDATION TRUST,02A,NHS TRAFFORD CCG,EIP pathways incomplete at month end,3,4,3,0,10
2015-16,FEBRUARY,RWR,HERTFORDSHIRE PARTNERSHIP UNIVERSITY NHS FOUNDATION TRUST,06K,NHS EAST AND NORTH HERTFORDSHIRE CCG,EIP pathways incomplete at month end,4,2,0,0,6
2015-16,FEBRUARY,RWR,HERTFORDSHIRE PARTNERSHIP UNIVERSITY NHS FOUNDATION TRUST,06N,NHS HERTS VALLEYS CCG,EIP pathways incomplete at month end,3,1,0,0,4
2015-16,FEBRUARY,RV9,HUMBER NHS FOUNDATION TRUST,02Y,NHS EAST RIDING OF YORKSHIRE CCG,EIP pathways incomplete at month end,2,0,1,0,3
2015-16,FEBRUARY,RV9,HUMBER NHS FOUNDATION TRUST,03F,NHS HULL CCG,EIP pathways incomplete at month end,2,2,0,0,4
2015-16,FEBRUARY,NKD,INSIGHT TEAM,99P,"NHS NORTHERN, EASTERN AND WESTERN DEVON CCG",EIP pathways incomplete at month end,2,1,1,0,4
2015-16,FEBRUARY,R1F,ISLE OF WIGHT NHS TRUST,10L,NHS ISLE OF WIGHT CCG,EIP pathways incomplete at month end,0,1,0,0,1
2015-16,FEBRUARY,RXY,KENT AND MEDWAY NHS AND SOCIAL CARE PARTNERSHIP TRUST,01T,NHS SOUTH SEFTON CCG,EIP pathways incomplete at month end,0,0,0,0,0
2015-16,FEBRUARY,RXY,KENT AND MEDWAY NHS AND SOCIAL CARE PARTNERSHIP TRUST,09C,NHS ASHFORD CCG,EIP pathways incomplete at month end,0,2,1,0,3
2015-16,FEBRUARY,RXY,KENT AND MEDWAY NHS AND SOCIAL CARE PARTNERSHIP TRUST,09E,NHS CANTERBURY AND COASTAL CCG,EIP pathways incomplete at month end,3,1,0,0,4
2015-16,FEBRUARY,RXY,KENT AND MEDWAY NHS AND SOCIAL CARE PARTNERSHIP TRUST,09J,"NHS DARTFORD, GRAVESHAM AND SWANLEY CCG",EIP pathways incomplete at month end,3,1,0,0,4
2015-16,FEBRUARY,RXY,KENT AND MEDWAY NHS AND SOCIAL CARE PARTNERSHIP TRUST,09W,NHS MEDWAY CCG,EIP pathways incomplete at month end,3,2,0,0,5
2015-16,FEBRUARY,RXY,KENT AND MEDWAY NHS AND SOCIAL CARE PARTNERSHIP TRUST,10A,NHS SOUTH KENT COAST CCG,EIP pathways incomplete at month end,3,3,0,0,6
2015-16,FEBRUARY,RXY,KENT AND MEDWAY NHS AND SOCIAL CARE PARTNERSHIP TRUST,10D,NHS SWALE CCG,EIP pathways incomplete at month end,0,0,0,0,0
2015-16,FEBRUARY,RXY,KENT AND MEDWAY NHS AND SOCIAL CARE PARTNERSHIP TRUST,10E,NHS THANET CCG,EIP pathways incomplete at month end,0,1,0,0,1
2015-16,FEBRUARY,RXY,KENT AND MEDWAY NHS AND SOCIAL CARE PARTNERSHIP TRUST,99D,NHS SOUTH LINCOLNSHIRE CCG,EIP pathways incomplete at month end,0,0,0,0,0
2015-16,FEBRUARY,RXY,KENT AND MEDWAY NHS AND SOCIAL CARE PARTNERSHIP TRUST,99J,NHS WEST KENT CCG,EIP pathways incomplete at month end,7,4,0,0,11
2015-16,FEBRUARY,RW5,LANCASHIRE CARE NHS FOUNDATION TRUST,00Q,NHS BLACKBURN WITH DARWEN CCG,EIP pathways incomplete at month end,1,2,4,1,8
2015-16,FEBRUARY,RW5,LANCASHIRE CARE NHS FOUNDATION TRUST,00R,NHS BLACKPOOL CCG,EIP pathways incomplete at month end,3,1,0,0,4
2015-16,FEBRUARY,RW5,LANCASHIRE CARE NHS FOUNDATION TRUST,00T,NHS BOLTON CCG,EIP pathways incomplete at month end,0,0,0,0,0
2015-16,FEBRUARY,RW5,LANCASHIRE CARE NHS FOUNDATION TRUST,00X,NHS CHORLEY AND SOUTH RIBBLE CCG,EIP pathways incomplete at month end,1,1,0,0,2
2015-16,FEBRUARY,RW5,LANCASHIRE CARE NHS FOUNDATION TRUST,01A,NHS EAST LANCASHIRE CCG,EIP pathways incomplete at month end,5,1,3,1,10
2015-16,FEBRUARY,RW5,LANCASHIRE CARE NHS FOUNDATION TRUST,01E,NHS GREATER PRESTON CCG,EIP pathways incomplete at month end,6,4,0,1,11
2015-16,FEBRUARY,RW5,LANCASHIRE CARE NHS FOUNDATION TRUST,01F,NHS HALTON CCG,EIP pathways incomplete at month end,0,1,0,0,1
2015-16,FEBRUARY,RW5,LANCASHIRE CARE NHS FOUNDATION TRUST,01H,NHS CUMBRIA CCG,EIP pathways incomplete at month end,0,0,0,0,0
2015-16,FEBRUARY,RW5,LANCASHIRE CARE NHS FOUNDATION TRUST,01K,NHS LANCASHIRE NORTH CCG,EIP pathways incomplete at month end,5,1,2,0,8
2015-16,FEBRUARY,RW5,LANCASHIRE CARE NHS FOUNDATION TRUST,02G,NHS WEST LANCASHIRE CCG,EIP pathways incomplete at month end,2,0,0,1,3
2015-16,FEBRUARY,RW5,LANCASHIRE CARE NHS FOUNDATION TRUST,02M,NHS FYLDE & WYRE CCG,EIP pathways incomplete at month end,1,1,0,0,2
2015-16,FEBRUARY,RT5,LEICESTERSHIRE PARTNERSHIP NHS TRUST,03W,NHS EAST LEICESTERSHIRE AND RUTLAND CCG,EIP pathways incomplete at month end,4,0,0,0,4
2015-16,FEBRUARY,RT5,LEICESTERSHIRE PARTNERSHIP NHS TRUST,04C,NHS LEICESTER CITY CCG,EIP pathways incomplete at month end,6,4,1,1,12
2015-16,FEBRUARY,RT5,LEICESTERSHIRE PARTNERSHIP NHS TRUST,04V,NHS WEST LEICESTERSHIRE CCG,EIP pathways incomplete at month end,1,1,0,0,2
2015-16,FEBRUARY,RP7,LINCOLNSHIRE PARTNERSHIP NHS FOUNDATION TRUST,03T,NHS LINCOLNSHIRE EAST CCG,EIP pathways incomplete at month end,0,3,0,6,9
2015-16,FEBRUARY,RP7,LINCOLNSHIRE PARTNERSHIP NHS FOUNDATION TRUST,04D,NHS LINCOLNSHIRE WEST CCG,EIP pathways incomplete at month end,2,1,1,6,10
2015-16,FEBRUARY,RP7,LINCOLNSHIRE PARTNERSHIP NHS FOUNDATION TRUST,04Q,NHS SOUTH WEST LINCOLNSHIRE CCG,EIP pathways incomplete at month end,2,0,0,0,2
2015-16,FEBRUARY,RP7,LINCOLNSHIRE PARTNERSHIP NHS FOUNDATION TRUST,07W,NHS EALING CCG,EIP pathways incomplete at month end,0,0,0,0,0
2015-16,FEBRUARY,RP7,LINCOLNSHIRE PARTNERSHIP NHS FOUNDATION TRUST,99D,NHS SOUTH LINCOLNSHIRE CCG,EIP pathways incomplete at month end,0,0,0,0,0
2015-16,FEBRUARY,RW4,MERSEY CARE NHS TRUST,01J,NHS KNOWSLEY CCG,EIP pathways incomplete at month end,0,0,1,0,1
2015-16,FEBRUARY,RW4,MERSEY CARE NHS TRUST,01T,NHS SOUTH SEFTON CCG,EIP pathways incomplete at month end,0,0,0,1,1
2015-16,FEBRUARY,RW4,MERSEY CARE NHS TRUST,01V,NHS SOUTHPORT AND FORMBY CCG,EIP pathways incomplete at month end,0,1,2,0,3
2015-16,FEBRUARY,RW4,MERSEY CARE NHS TRUST,99A,NHS LIVERPOOL CCG,EIP pathways incomplete at month end,2,8,1,0,11
2015-16,FEBRUARY,NQL,NAVIGO,03H,NHS NORTH EAST LINCOLNSHIRE CCG,EIP pathways incomplete at month end,0,0,0,0,0
2015-16,FEBRUARY,RMY,NORFOLK AND SUFFOLK NHS FOUNDATION TRUST,06L,NHS IPSWICH AND EAST SUFFOLK CCG,EIP pathways incomplete at month end,0,0,0,0,0
2015-16,FEBRUARY,RMY,NORFOLK AND SUFFOLK NHS FOUNDATION TRUST,06M,NHS GREAT YARMOUTH AND WAVENEY CCG,EIP pathways incomplete at month end,0,0,0,0,0
2015-16,FEBRUARY,RMY,NORFOLK AND SUFFOLK NHS FOUNDATION TRUST,06V,NHS NORTH NORFOLK CCG,EIP pathways incomplete at month end,0,0,0,0,0
2015-16,FEBRUARY,RMY,NORFOLK AND SUFFOLK NHS FOUNDATION TRUST,06W,NHS NORWICH CCG,EIP pathways incomplete at month end,0,0,0,0,0
2015-16,FEBRUARY,RMY,NORFOLK AND SUFFOLK NHS FOUNDATION TRUST,06Y,NHS SOUTH NORFOLK CCG,EIP pathways incomplete at month end,0,0,0,0,0
2015-16,FEBRUARY,RAT,NORTH EAST LONDON NHS FOUNDATION TRUST,03Q,NHS VALE OF YORK CCG,EIP pathways incomplete at month end,0,0,0,0,0
2015-16,FEBRUARY,RAT,NORTH EAST LONDON NHS FOUNDATION TRUST,04K,NHS NOTTINGHAM CITY CCG,EIP pathways incomplete at month end,0,0,0,0,0
2015-16,FEBRUARY,RAT,NORTH EAST LONDON NHS FOUNDATION TRUST,07G,NHS THURROCK CCG,EIP pathways incomplete at month end,1,0,0,0,1
2015-16,FEBRUARY,RAT,NORTH EAST LONDON NHS FOUNDATION TRUST,07L,NHS BARKING AND DAGENHAM CCG,EIP pathways incomplete at month end,3,4,2,0,9
2015-16,FEBRUARY,RAT,NORTH EAST LONDON NHS FOUNDATION TRUST,07M,NHS BARNET CCG,EIP pathways incomplete at month end,0,1,0,0,1
2015-16,FEBRUARY,RAT,NORTH EAST LONDON NHS FOUNDATION TRUST,07Y,NHS HOUNSLOW CCG,EIP pathways incomplete at month end,0,0,0,0,0
2015-16,FEBRUARY,RAT,NORTH EAST LONDON NHS FOUNDATION TRUST,08D,NHS HARINGEY CCG,EIP pathways incomplete at month end,0,0,0,0,0
2015-16,FEBRUARY,RAT,NORTH EAST LONDON NHS FOUNDATION TRUST,08F,NHS HAVERING CCG,EIP pathways incomplete at month end,0,2,0,0,2
2015-16,FEBRUARY,RAT,NORTH EAST LONDON NHS FOUNDATION TRUST,08N,NHS REDBRIDGE CCG,EIP pathways incomplete at month end,5,3,1,0,9
2015-16,FEBRUARY,RAT,NORTH EAST LONDON NHS FOUNDATION TRUST,08W,NHS WALTHAM FOREST CCG,EIP pathways incomplete at month end,5,4,3,0,12
2015-16,FEBRUARY,RAT,NORTH EAST LONDON NHS FOUNDATION TRUST,10X,NHS SOUTHAMPTON CCG,EIP pathways incomplete at month end,0,0,0,0,0
2015-16,FEBRUARY,RRD,NORTH ESSEX PARTNERSHIP UNIVERSITY NHS FOUNDATION TRUST,06Q,NHS MID ESSEX CCG,EIP pathways incomplete at month end,1,1,0,0,2
2015-16,FEBRUARY,RRD,NORTH ESSEX PARTNERSHIP UNIVERSITY NHS FOUNDATION TRUST,06T,NHS NORTH EAST ESSEX CCG,EIP pathways incomplete at month end,2,3,0,0,5
2015-16,FEBRUARY,RRD,NORTH ESSEX PARTNERSHIP UNIVERSITY NHS FOUNDATION TRUST,07H,NHS WEST ESSEX CCG,EIP pathways incomplete at month end,0,0,0,0,0
2015-16,FEBRUARY,RRD,NORTH ESSEX PARTNERSHIP UNIVERSITY NHS FOUNDATION TRUST,07K,NHS WEST SUFFOLK CCG,EIP pathways incomplete at month end,0,0,0,0,0
2015-16,FEBRUARY,RRD,NORTH ESSEX PARTNERSHIP UNIVERSITY NHS FOUNDATION TRUST,09E,NHS CANTERBURY AND COASTAL CCG,EIP pathways incomplete at month end,0,0,0,0,0
2015-16,FEBRUARY,RRD,NORTH ESSEX PARTNERSHIP UNIVERSITY NHS FOUNDATION TRUST,11H,NHS BRISTOL CCG,EIP pathways incomplete at month end,1,0,0,0,1
2015-16,FEBRUARY,RLY,NORTH STAFFORDSHIRE COMBINED HEALTHCARE NHS TRUST,05G,NHS NORTH STAFFORDSHIRE CCG,EIP pathways incomplete at month end,1,1,1,0,3
2015-16,FEBRUARY,RLY,NORTH STAFFORDSHIRE COMBINED HEALTHCARE NHS TRUST,05W,NHS STOKE ON TRENT CCG,EIP pathways incomplete at month end,4,5,0,0,9
2015-16,FEBRUARY,RP1,NORTHAMPTONSHIRE HEALTHCARE NHS FOUNDATION TRUST,03V,NHS CORBY CCG,EIP pathways incomplete at month end,0,0,0,0,0
2015-16,FEBRUARY,RP1,NORTHAMPTONSHIRE HEALTHCARE NHS FOUNDATION TRUST,04F,NHS MILTON KEYNES CCG,EIP pathways incomplete at month end,0,0,0,0,0
2015-16,FEBRUARY,RP1,NORTHAMPTONSHIRE HEALTHCARE NHS FOUNDATION TRUST,04G,NHS NENE CCG,EIP pathways incomplete at month end,8,0,2,0,10
2015-16,FEBRUARY,RX4,"NORTHUMBERLAND, TYNE AND WEAR NHS FOUNDATION TRUST",00L,NHS NORTHUMBERLAND CCG,EIP pathways incomplete at month end,8,2,2,0,12
2015-16,FEBRUARY,RX4,"NORTHUMBERLAND, TYNE AND WEAR NHS FOUNDATION TRUST",00N,NHS SOUTH TYNESIDE CCG,EIP pathways incomplete at month end,9,5,0,0,14
2015-16,FEBRUARY,RX4,"NORTHUMBERLAND, TYNE AND WEAR NHS FOUNDATION TRUST",00P,NHS SUNDERLAND CCG,EIP pathways incomplete at month end,11,12,4,0,27
2015-16,FEBRUARY,RX4,"NORTHUMBERLAND, TYNE AND WEAR NHS FOUNDATION TRUST",13T,NHS NEWCASTLE GATESHEAD CCG,EIP pathways incomplete at month end,13,12,4,0,29
2015-16,FEBRUARY,RX4,"NORTHUMBERLAND, TYNE AND WEAR NHS FOUNDATION TRUST",99C,NHS NORTH TYNESIDE CCG,EIP pathways incomplete at month end,4,3,2,0,9
2015-16,FEBRUARY,RHA,NOTTINGHAMSHIRE HEALTHCARE NHS FOUNDATION TRUST,02Q,NHS BASSETLAW CCG,EIP pathways incomplete at month end,0,0,1,0,1
2015-16,FEBRUARY,RHA,NOTTINGHAMSHIRE HEALTHCARE NHS FOUNDATION TRUST,04E,NHS MANSFIELD AND ASHFIELD CCG,EIP pathways incomplete at month end,1,4,2,0,7
2015-16,FEBRUARY,RHA,NOTTINGHAMSHIRE HEALTHCARE NHS FOUNDATION TRUST,04H,NHS NEWARK & SHERWOOD CCG,EIP pathways incomplete at month end,2,0,0,0,2
2015-16,FEBRUARY,RHA,NOTTINGHAMSHIRE HEALTHCARE NHS FOUNDATION TRUST,04K,NHS NOTTINGHAM CITY CCG,EIP pathways incomplete at month end,12,32,13,13,70
2015-16,FEBRUARY,RHA,NOTTINGHAMSHIRE HEALTHCARE NHS FOUNDATION TRUST,04L,NHS NOTTINGHAM NORTH AND EAST CCG,EIP pathways incomplete at month end,0,2,0,0,2
2015-16,FEBRUARY,RHA,NOTTINGHAMSHIRE HEALTHCARE NHS FOUNDATION TRUST,04M,NHS NOTTINGHAM WEST CCG,EIP pathways incomplete at month end,0,0,0,0,0
2015-16,FEBRUARY,RHA,NOTTINGHAMSHIRE HEALTHCARE NHS FOUNDATION TRUST,04N,NHS RUSHCLIFFE CCG,EIP pathways incomplete at month end,2,1,0,1,4
2015-16,FEBRUARY,RHA,NOTTINGHAMSHIRE HEALTHCARE NHS FOUNDATION TRUST,08M,NHS NEWHAM CCG,EIP pathways incomplete at month end,0,0,0,0,0
2015-16,FEBRUARY,RHA,NOTTINGHAMSHIRE HEALTHCARE NHS FOUNDATION TRUST,13P,NHS BIRMINGHAM CROSSCITY CCG,EIP pathways incomplete at month end,1,0,0,0,1
2015-16,FEBRUARY,RNU,OXFORD HEALTH NHS FOUNDATION TRUST,10H,NHS CHILTERN CCG,EIP pathways incomplete at month end,0,2,0,0,2
2015-16,FEBRUARY,RNU,OXFORD HEALTH NHS FOUNDATION TRUST,10Q,NHS OXFORDSHIRE CCG,EIP pathways incomplete at month end,1,7,4,1,13
2015-16,FEBRUARY,RNU,OXFORD HEALTH NHS FOUNDATION TRUST,10Y,NHS AYLESBURY VALE CCG,EIP pathways incomplete at month end,1,0,1,0,2
2015-16,FEBRUARY,RPG,OXLEAS NHS FOUNDATION TRUST,07N,NHS BEXLEY CCG,EIP pathways incomplete at month end,2,0,0,0,2
2015-16,FEBRUARY,RPG,OXLEAS NHS FOUNDATION TRUST,07Q,NHS BROMLEY CCG,EIP pathways incomplete at month end,7,3,0,0,10
2015-16,FEBRUARY,RPG,OXLEAS NHS FOUNDATION TRUST,08A,NHS GREENWICH CCG,EIP pathways incomplete at month end,0,1,0,0,1
2015-16,FEBRUARY,RT2,PENNINE CARE NHS FOUNDATION TRUST,00V,NHS BURY CCG,EIP pathways incomplete at month end,5,3,0,0,8
2015-16,FEBRUARY,RT2,PENNINE CARE NHS FOUNDATION TRUST,00Y,NHS OLDHAM CCG,EIP pathways incomplete at month end,7,8,3,0,18
2015-16,FEBRUARY,RT2,PENNINE CARE NHS FOUNDATION TRUST,01D,"NHS HEYWOOD, MIDDLETON AND ROCHDALE CCG",EIP pathways incomplete at month end,6,11,3,0,20
2015-16,FEBRUARY,RT2,PENNINE CARE NHS FOUNDATION TRUST,01W,NHS STOCKPORT CCG,EIP pathways incomplete at month end,5,10,2,0,17
2015-16,FEBRUARY,RT2,PENNINE CARE NHS FOUNDATION TRUST,01Y,NHS TAMESIDE AND GLOSSOP CCG,EIP pathways incomplete at month end,3,3,1,0,7
2015-16,FEBRUARY,RXE,ROTHERHAM DONCASTER AND SOUTH HUMBER NHS FOUNDATION TRUST,00W,NHS CENTRAL MANCHESTER CCG,EIP pathways incomplete at month end,0,4,0,0,4
2015-16,FEBRUARY,RXE,ROTHERHAM DONCASTER AND SOUTH HUMBER NHS FOUNDATION TRUST,01M,NHS NORTH MANCHESTER CCG,EIP pathways incomplete at month end,0,0,0,0,0
2015-16,FEBRUARY,RXE,ROTHERHAM DONCASTER AND SOUTH HUMBER NHS FOUNDATION TRUST,01N,NHS SOUTH MANCHESTER CCG,EIP pathways incomplete at month end,0,0,0,0,0
2015-16,FEBRUARY,RXE,ROTHERHAM DONCASTER AND SOUTH HUMBER NHS FOUNDATION TRUST,02X,NHS DONCASTER CCG,EIP pathways incomplete at month end,0,0,0,0,0
2015-16,FEBRUARY,RXE,ROTHERHAM DONCASTER AND SOUTH HUMBER NHS FOUNDATION TRUST,03K,NHS NORTH LINCOLNSHIRE CCG,EIP pathways incomplete at month end,0,0,0,0,0
2015-16,FEBRUARY,RXE,ROTHERHAM DONCASTER AND SOUTH HUMBER NHS FOUNDATION TRUST,03L,NHS ROTHERHAM CCG,EIP pathways incomplete at month end,0,0,0,0,0
2015-16,FEBRUARY,TAH,SHEFFIELD HEALTH & SOCIAL CARE NHS FOUNDATION TRUST,03N,NHS SHEFFIELD CCG,EIP pathways incomplete at month end,0,3,1,0,4
2015-16,FEBRUARY,TAH,SHEFFIELD HEALTH & SOCIAL CARE NHS FOUNDATION TRUST,05L,NHS SANDWELL AND WEST BIRMINGHAM CCG,EIP pathways incomplete at month end,0,0,0,0,0
2015-16,FEBRUARY,R1C,SOLENT NHS TRUST,10R,NHS PORTSMOUTH CCG,EIP pathways incomplete at month end,0,2,0,0,2
2015-16,FEBRUARY,RH5,SOMERSET PARTNERSHIP NHS FOUNDATION TRUST,11X,NHS SOMERSET CCG,EIP pathways incomplete at month end,3,6,6,12,27
2015-16,FEBRUARY,RWN,SOUTH ESSEX PARTNERSHIP UNIVERSITY NHS FOUNDATION TRUST,07G,NHS THURROCK CCG,EIP pathways incomplete at month end,0,0,0,0,0
2015-16,FEBRUARY,RWN,SOUTH ESSEX PARTNERSHIP UNIVERSITY NHS FOUNDATION TRUST,99E,NHS BASILDON AND BRENTWOOD CCG,EIP pathways incomplete at month end,0,0,0,0,0
2015-16,FEBRUARY,RWN,SOUTH ESSEX PARTNERSHIP UNIVERSITY NHS FOUNDATION TRUST,99F,NHS CASTLE POINT AND ROCHFORD CCG,EIP pathways incomplete at month end,0,0,0,0,0
2015-16,FEBRUARY,RWN,SOUTH ESSEX PARTNERSHIP UNIVERSITY NHS FOUNDATION TRUST,99G,NHS SOUTHEND CCG,EIP pathways incomplete at month end,0,0,0,0,0
2015-16,FEBRUARY,RV5,SOUTH LONDON AND MAUDSLEY NHS FOUNDATION TRUST,04R,NHS SOUTHERN DERBYSHIRE CCG,EIP pathways incomplete at month end,0,0,0,0,0
2015-16,FEBRUARY,RV5,SOUTH LONDON AND MAUDSLEY NHS FOUNDATION TRUST,07V,NHS CROYDON CCG,EIP pathways incomplete at month end,5,0,0,0,5
2015-16,FEBRUARY,RV5,SOUTH LONDON AND MAUDSLEY NHS FOUNDATION TRUST,08K,NHS LAMBETH CCG,EIP pathways incomplete at month end,2,2,0,1,5
2015-16,FEBRUARY,RV5,SOUTH LONDON AND MAUDSLEY NHS FOUNDATION TRUST,08L,NHS LEWISHAM CCG,EIP pathways incomplete at month end,2,0,0,0,2
2015-16,FEBRUARY,RV5,SOUTH LONDON AND MAUDSLEY NHS FOUNDATION TRUST,08M,NHS NEWHAM CCG,EIP pathways incomplete at month end,1,0,0,0,1
2015-16,FEBRUARY,RV5,SOUTH LONDON AND MAUDSLEY NHS FOUNDATION TRUST,08Q,NHS SOUTHWARK CCG,EIP pathways incomplete at month end,0,2,2,0,4
2015-16,FEBRUARY,RRE,SOUTH STAFFORDSHIRE AND SHROPSHIRE HEALTHCARE NHS FOUNDATION TRUST,04Y,NHS CANNOCK CHASE CCG,EIP pathways incomplete at month end,0,1,0,0,1
2015-16,FEBRUARY,RRE,SOUTH STAFFORDSHIRE AND SHROPSHIRE HEALTHCARE NHS FOUNDATION TRUST,05D,NHS EAST STAFFORDSHIRE CCG,EIP pathways incomplete at month end,1,0,0,0,1
2015-16,FEBRUARY,RRE,SOUTH STAFFORDSHIRE AND SHROPSHIRE HEALTHCARE NHS FOUNDATION TRUST,05N,NHS SHROPSHIRE CCG,EIP pathways incomplete at month end,0,0,0,0,0
2015-16,FEBRUARY,RRE,SOUTH STAFFORDSHIRE AND SHROPSHIRE HEALTHCARE NHS FOUNDATION TRUST,05Q,NHS SOUTH EAST STAFFORDSHIRE AND SEISDON PENINSULA CCG,EIP pathways incomplete at month end,0,0,0,0,0
2015-16,FEBRUARY,RRE,SOUTH STAFFORDSHIRE AND SHROPSHIRE HEALTHCARE NHS FOUNDATION TRUST,05V,NHS STAFFORD AND SURROUNDS CCG,EIP pathways incomplete at month end,2,0,0,0,2
2015-16,FEBRUARY,RRE,SOUTH STAFFORDSHIRE AND SHROPSHIRE HEALTHCARE NHS FOUNDATION TRUST,05X,NHS TELFORD AND WREKIN CCG,EIP pathways incomplete at month end,0,2,1,0,3
2015-16,FEBRUARY,RQY,SOUTH WEST LONDON AND ST GEORGE'S MENTAL HEALTH NHS TRUST,07Y,NHS HOUNSLOW CCG,EIP pathways incomplete at month end,0,0,0,0,0
2015-16,FEBRUARY,RQY,SOUTH WEST LONDON AND ST GEORGE'S MENTAL HEALTH NHS TRUST,08J,NHS KINGSTON CCG,EIP pathways incomplete at month end,1,0,0,0,1
2015-16,FEBRUARY,RQY,SOUTH WEST LONDON AND ST GEORGE'S MENTAL HEALTH NHS TRUST,08K,NHS LAMBETH CCG,EIP pathways incomplete at month end,1,0,0,0,1
2015-16,FEBRUARY,RQY,SOUTH WEST LONDON AND ST GEORGE'S MENTAL HEALTH NHS TRUST,08P,NHS RICHMOND CCG,EIP pathways incomplete at month end,0,1,0,0,1
2015-16,FEBRUARY,RQY,SOUTH WEST LONDON AND ST GEORGE'S MENTAL HEALTH NHS TRUST,08R,NHS MERTON CCG,EIP pathways incomplete at month end,6,2,1,0,9
2015-16,FEBRUARY,RQY,SOUTH WEST LONDON AND ST GEORGE'S MENTAL HEALTH NHS TRUST,08T,NHS SUTTON CCG,EIP pathways incomplete at month end,3,1,1,0,5
2015-16,FEBRUARY,RQY,SOUTH WEST LONDON AND ST GEORGE'S MENTAL HEALTH NHS TRUST,08X,NHS WANDSWORTH CCG,EIP pathways incomplete at month end,4,2,0,0,6
2015-16,FEBRUARY,RQY,SOUTH WEST LONDON AND ST GEORGE'S MENTAL HEALTH NHS TRUST,10J,NHS NORTH HAMPSHIRE CCG,EIP pathways incomplete at month end,1,0,0,0,1
2015-16,FEBRUARY,RXG,SOUTH WEST YORKSHIRE PARTNERSHIP NHS FOUNDATION TRUST,02P,NHS BARNSLEY CCG,EIP pathways incomplete at month end,1,1,0,0,2
2015-16,FEBRUARY,RXG,SOUTH WEST YORKSHIRE PARTNERSHIP NHS FOUNDATION TRUST,02T,NHS CALDERDALE CCG,EIP pathways incomplete at month end,2,1,0,0,3
2015-16,FEBRUARY,RXG,SOUTH WEST YORKSHIRE PARTNERSHIP NHS FOUNDATION TRUST,03A,NHS GREATER HUDDERSFIELD CCG,EIP pathways incomplete at month end,6,2,2,0,10
2015-16,FEBRUARY,RXG,SOUTH WEST YORKSHIRE PARTNERSHIP NHS FOUNDATION TRUST,03J,NHS NORTH KIRKLEES CCG,EIP pathways incomplete at month end,0,1,0,0,1
2015-16,FEBRUARY,RXG,SOUTH WEST YORKSHIRE PARTNERSHIP NHS FOUNDATION TRUST,03R,NHS WAKEFIELD CCG,EIP pathways incomplete at month end,3,1,0,0,4
2015-16,FEBRUARY,RW1,SOUTHERN HEALTH NHS FOUNDATION TRUST,10J,NHS NORTH HAMPSHIRE CCG,EIP pathways incomplete at month end,0,0,0,0,0
2015-16,FEBRUARY,RW1,SOUTHERN HEALTH NHS FOUNDATION TRUST,10K,NHS FAREHAM AND GOSPORT CCG,EIP pathways incomplete at month end,0,0,0,0,0
2015-16,FEBRUARY,RW1,SOUTHERN HEALTH NHS FOUNDATION TRUST,10V,NHS SOUTH EASTERN HAMPSHIRE CCG,EIP pathways incomplete at month end,0,0,0,0,0
2015-16,FEBRUARY,RW1,SOUTHERN HEALTH NHS FOUNDATION TRUST,10X,NHS SOUTHAMPTON CCG,EIP pathways incomplete at month end,0,0,0,0,0
2015-16,FEBRUARY,RW1,SOUTHERN HEALTH NHS FOUNDATION TRUST,11A,NHS WEST HAMPSHIRE CCG,EIP pathways incomplete at month end,5,1,0,0,6
2015-16,FEBRUARY,RW1,SOUTHERN HEALTH NHS FOUNDATION TRUST,11J,NHS DORSET CCG,EIP pathways incomplete at month end,0,0,0,0,0
2015-16,FEBRUARY,RXX,SURREY AND BORDERS PARTNERSHIP NHS FOUNDATION TRUST,09L,NHS EAST SURREY CCG,EIP pathways incomplete at month end,1,1,0,0,2
2015-16,FEBRUARY,RXX,SURREY AND BORDERS PARTNERSHIP NHS FOUNDATION TRUST,09N,NHS GUILDFORD AND WAVERLEY CCG,EIP pathways incomplete at month end,0,0,0,0,0
2015-16,FEBRUARY,RXX,SURREY AND BORDERS PARTNERSHIP NHS FOUNDATION TRUST,09Y,NHS NORTH WEST SURREY CCG,EIP pathways incomplete at month end,1,1,0,0,2
2015-16,FEBRUARY,RXX,SURREY AND BORDERS PARTNERSHIP NHS FOUNDATION TRUST,10C,NHS SURREY HEATH CCG,EIP pathways incomplete at month end,0,0,0,0,0
2015-16,FEBRUARY,RXX,SURREY AND BORDERS PARTNERSHIP NHS FOUNDATION TRUST,99H,NHS SURREY DOWNS CCG,EIP pathways incomplete at month end,2,0,0,0,2
2015-16,FEBRUARY,RXX,SURREY AND BORDERS PARTNERSHIP NHS FOUNDATION TRUST,99M,NHS NORTH EAST HAMPSHIRE AND FARNHAM CCG,EIP pathways incomplete at month end,1,0,0,0,1
2015-16,FEBRUARY,RX2,SUSSEX PARTNERSHIP NHS FOUNDATION TRUST,09D,NHS BRIGHTON AND HOVE CCG,EIP pathways incomplete at month end,1,3,0,0,4
2015-16,FEBRUARY,RX2,SUSSEX PARTNERSHIP NHS FOUNDATION TRUST,09F,"NHS EASTBOURNE, HAILSHAM AND SEAFORD CCG",EIP pathways incomplete at month end,0,2,1,0,3
2015-16,FEBRUARY,RX2,SUSSEX PARTNERSHIP NHS FOUNDATION TRUST,09G,NHS COASTAL WEST SUSSEX CCG,EIP pathways incomplete at month end,2,5,3,0,10
2015-16,FEBRUARY,RX2,SUSSEX PARTNERSHIP NHS FOUNDATION TRUST,09H,NHS CRAWLEY CCG,EIP pathways incomplete at month end,0,2,0,0,2
2015-16,FEBRUARY,RX2,SUSSEX PARTNERSHIP NHS FOUNDATION TRUST,09P,NHS HASTINGS AND ROTHER CCG,EIP pathways incomplete at month end,1,1,0,0,2
2015-16,FEBRUARY,RX2,SUSSEX PARTNERSHIP NHS FOUNDATION TRUST,09X,NHS HORSHAM AND MID SUSSEX CCG,EIP pathways incomplete at month end,1,0,0,0,1
2015-16,FEBRUARY,RX2,SUSSEX PARTNERSHIP NHS FOUNDATION TRUST,99K,NHS HIGH WEALD LEWES HAVENS CCG,EIP pathways incomplete at month end,2,1,0,1,4
2015-16,FEBRUARY,RX3,"TEES, ESK AND WEAR VALLEYS NHS FOUNDATION TRUST",00C,NHS DARLINGTON CCG,EIP pathways incomplete at month end,0,0,1,0,1
2015-16,FEBRUARY,RX3,"TEES, ESK AND WEAR VALLEYS NHS FOUNDATION TRUST",00D,"NHS DURHAM DALES, EASINGTON AND SEDGEFIELD CCG",EIP pathways incomplete at month end,8,12,2,4,26
2015-16,FEBRUARY,RX3,"TEES, ESK AND WEAR VALLEYS NHS FOUNDATION TRUST",00J,NHS NORTH DURHAM CCG,EIP pathways incomplete at month end,5,8,4,3,20
2015-16,FEBRUARY,RX3,"TEES, ESK AND WEAR VALLEYS NHS FOUNDATION TRUST",00K,NHS HARTLEPOOL AND STOCKTON-ON-TEES CCG,EIP pathways incomplete at month end,11,3,2,3,19
2015-16,FEBRUARY,RX3,"TEES, ESK AND WEAR VALLEYS NHS FOUNDATION TRUST",00M,NHS SOUTH TEES CCG,EIP pathways incomplete at month end,5,7,2,4,18
2015-16,FEBRUARY,RX3,"TEES, ESK AND WEAR VALLEYS NHS FOUNDATION TRUST",02V,NHS LEEDS NORTH CCG,EIP pathways incomplete at month end,1,0,0,0,1
2015-16,FEBRUARY,RX3,"TEES, ESK AND WEAR VALLEYS NHS FOUNDATION TRUST",03D,"NHS HAMBLETON, RICHMONDSHIRE AND WHITBY CCG",EIP pathways incomplete at month end,2,5,3,1,11
2015-16,FEBRUARY,RX3,"TEES, ESK AND WEAR VALLEYS NHS FOUNDATION TRUST",03E,NHS HARROGATE AND RURAL DISTRICT CCG,EIP pathways incomplete at month end,0,1,4,0,5
2015-16,FEBRUARY,RX3,"TEES, ESK AND WEAR VALLEYS NHS FOUNDATION TRUST",03M,NHS SCARBOROUGH AND RYEDALE CCG,EIP pathways incomplete at month end,2,3,1,0,6
2015-16,FEBRUARY,RX3,"TEES, ESK AND WEAR VALLEYS NHS FOUNDATION TRUST",03Q,NHS VALE OF YORK CCG,EIP pathways incomplete at month end,3,1,0,1,5
2015-16,FEBRUARY,RX3,"TEES, ESK AND WEAR VALLEYS NHS FOUNDATION TRUST",04K,NHS NOTTINGHAM CITY CCG,EIP pathways incomplete at month end,0,1,0,0,1
2015-16,FEBRUARY,RX3,"TEES, ESK AND WEAR VALLEYS NHS FOUNDATION TRUST",13T,NHS NEWCASTLE GATESHEAD CCG,EIP pathways incomplete at month end,0,1,0,0,1
2015-16,FEBRUARY,RKL,WEST LONDON MENTAL HEALTH NHS TRUST,01H,NHS CUMBRIA CCG,EIP pathways incomplete at month end,0,0,0,0,0
2015-16,FEBRUARY,RKL,WEST LONDON MENTAL HEALTH NHS TRUST,04G,NHS NENE CCG,EIP pathways incomplete at month end,0,0,0,0,0
2015-16,FEBRUARY,RKL,WEST LONDON MENTAL HEALTH NHS TRUST,07P,NHS BRENT CCG,EIP pathways incomplete at month end,0,1,0,0,1
2015-16,FEBRUARY,RKL,WEST LONDON MENTAL HEALTH NHS TRUST,07W,NHS EALING CCG,EIP pathways incomplete at month end,2,0,1,0,3
2015-16,FEBRUARY,RKL,WEST LONDON MENTAL HEALTH NHS TRUST,07Y,NHS HOUNSLOW CCG,EIP pathways incomplete at month end,1,2,0,0,3
2015-16,FEBRUARY,RKL,WEST LONDON MENTAL HEALTH NHS TRUST,08C,NHS HAMMERSMITH AND FULHAM CCG,EIP pathways incomplete at month end,0,1,0,0,1
2015-16,FEBRUARY,RKL,WEST LONDON MENTAL HEALTH NHS TRUST,08E,NHS HARROW CCG,EIP pathways incomplete at month end,0,0,0,0,0
2015-16,FEBRUARY,RKL,WEST LONDON MENTAL HEALTH NHS TRUST,08H,NHS ISLINGTON CCG,EIP pathways incomplete at month end,0,0,0,0,0
2015-16,FEBRUARY,RKL,WEST LONDON MENTAL HEALTH NHS TRUST,08P,NHS RICHMOND CCG,EIP pathways incomplete at month end,0,0,0,0,0
2015-16,FEBRUARY,RKL,WEST LONDON MENTAL HEALTH NHS TRUST,08Y,NHS WEST LONDON CCG,EIP pathways incomplete at month end,0,0,0,0,0
2015-16,FEBRUARY,RKL,WEST LONDON MENTAL HEALTH NHS TRUST,12D,NHS SWINDON CCG,EIP pathways incomplete at month end,0,1,0,0,1
2015-16,FEBRUARY,R1A,WORCESTERSHIRE HEALTH AND CARE NHS TRUST,05T,NHS SOUTH WORCESTERSHIRE CCG,EIP pathways incomplete at month end,3,1,0,0,4
